speech,balloon,free,encyclopedia,skin,stylepath,wgarticlepath,wgscriptpath,wgscript,wgvariantarticlepath,wgactionpaths,wgserver,wgcanonicalnamespace,wgcanonicalspecialpagename,wgnamespacenumber,wgpagename,wgtitle,wgaction,wgarticleid,wgisarticle,wgusername,wgusergroups,wguserlanguage,wgcontentlanguage,wgbreakframes,wgcurrevisionid,wgversion,wgenableapi,wgenablewriteapi,wgseparatortransformtable,wgdigittransformtable,wgmwsuggesttemplate,wgdbname,wgsearchnamespaces,wgmwsuggestmessages,wgrestrictionedit,wgrestrictionmove,wikibits,js,site,js,speech,balloon,free,encyclopedia,jump,search,three,common,speech,balloons,speech,balloons,speech,dialogue,word,graphic,convention,used,commonly,comic,cartoons,allow,words,much,less,understood,representing,speech,thoughts,given,character,often,formal,distinction,balloon,indicates,thoughts,one,indicates,words,spoken,bubble,conveys,subjective,thoughts,often,referred,thought,contents,1,history,2,popular,forms,speech,bubbles,thought,bubbles,forms,3,captions,4,variations,5,graphic,symbols,speech,bubbles,punctuation,marks,foreign,languages,big,z,drawings,within,speech,bubble,6,order,7,lettering,8,substance,balloons,9,speech,balloons,10,references,11,see,12,external,links,tocshowtext,tochidetext,history,prior,18th,speech,depicted,using,sheets,1775,cartoon,printed,boston,one,earliest,antecedents,modern,speech,bubble,wispy,lines,connected,first,person,speech,mouths,speakers,mesoamerican,western,graphic,labels,reveal,pictured,figure,saying,appeared,since,least,13th,word,balloons,began,appearing,18th,century,printed,broadsides,political,cartoons,american,revolution,often,used,development,comics,industry,20th,appearance,speech,balloons,become,increasingly,though,formal,conventions,evolved,different,cultures,opposed,quite,yellow,kid,generally,credited,first,true,comic,strip,words,initially,appeared,yellow,shirt,word,balloons,much,like,use,today,added,almost,early,start,20th,century,use,word,balloons,since,time,comic,strips,comic,books,relied,notably,hal,prince,valiant,early,tarzan,comic,many,word,balloons,less,common,europe,used,together,one,example,dutch,cartoonist,marten,comics,tom,puss,oliver,literary,captions,printed,strip,almost,take,much,space,strip,fills,twice,space,newspaper,similar,example,england,rupert,popular,forms,speech,bubbles,common,speech,comes,two,forms,two,character,character,fully,mostly,visible,panel,strip,comic,reader,uses,bubble,called,directed,towards,one,character,multiple,balloons,within,often,balloon,nearest,head,others,connected,sequence,narrow,style,often,used,mad,due,often,character,comic,book,equivalent,several,rather,first,standard,speech,bubble,tail,pointing,toward,second,originated,tail,pointing,instead,tail,still,pointing,towards,third,option,replaces,tail,sort,bottleneck,connects,side,seen,works,graphic,novelist,marjane,satrapi,american,bubble,without,tail,means,speaker,merely,outside,field,view,invisible,viewpoint,often,unspecified,member,characters,distant,space,scene,panel,still,squared,bubbles,without,equivalent,uncommon,american,comics,dramatic,contrast,corners,balloons,never,coincide,distinction,often,double,different,background,quotation,thought,bubbles,thought,bubbles,two,chain,thought,bubble,chain,thought,bubble,almost,universal,symbol,thinking,consists,bubble,containing,text,connected,area,next,character,chain,increasingly,smaller,circular,often,animal,characters,like,snoopy,garfield,using,thought,method,depicting,thought,instead,thought,encircled,shiny,less,conventional,thought,bubble,thought,used,manga,artists,ken,fuzzy,bubble,roughly,circular,shape,edge,bubble,line,collection,spikes,close,creating,impression,fuzzy,thought,bubbles,use,placed,area,character,advantage,reflecting,tv,equivalent,something,said,writers,artists,refuse,use,thought,expressing,action,spoken,dialogue,sometimes,seen,inefficient,method,expressing,thought,attached,directly,head,unlike,methods,caption,used,expression,thought,narration,existing,entirely,different,panel,character,restricted,current,viewpoint,example,alan,moore,david,v,wherein,one,monologue,expressed,captions,serves,express,thoughts,character,status,actions,three,modern,british,american,adventure,thought,balloon,often,replaced,inner,monologue,described,forms,shape,speech,balloon,used,convey,common,ones,include,scream,bubbles,indicate,character,screaming,usually,jagged,outline,thicker,line,lettering,usually,larger,bolder,broadcast,bubbles,known,radio,may,jagged,tail,like,conventional,drawing,lightning,flash,either,jagged,letters,sometimes,italicised,without,broadcast,bubbles,indicate,speaker,communicating,electronic,radio,whisper,bubbles,usually,portrayed,dashed,smaller,font,gray,indicates,tone,softer,speech,printed,indicate,speaker,icicle,bubbles,jagged,lower,representing,similarly,speech,balloons,monsters,may,outline,suggests,dripping,blood,colored,bubbles,convey,emotion,goes,red,anger,green,style,used,often,modern,captions,captions,generally,used,narration,generally,square,connected,edge,often,colored,indicate,difference,bubbles,used,almost,always,variations,yellow,words,appear,shirt,characters,strips,use,highly,unconventional,methods,perhaps,notable,yellow,early,american,comic,words,would,appear,noteworthy,many,variations,form,created,dave,sim,comic,cerebus,depending,position,well,texture,shape,letters,within,sim,could,convey,large,amounts,information,included,separate,bubbles,different,states,mind,special,class,bubbles,one,single,floating,early,pioneer,experimenting,many,different,types,speech,balloons,lettering,different,types,speech,walt,pogo,deacon,mushrat,speaks,bridgeport,speaks,circus,sarcophagus,macabre,speaks,condolence,famous,french,comic,series,goscinny,uderzo,use,bubbles,without,tails,indicate,distant,unseen,fun,experimenting,many,different,types,lettering,suit,characters,distinct,thus,meaning,speak,different,language,asterix,may,readers,goths,speak,greeks,angular,lettering,always,understood,gaulish,main,accent,norse,egyptians,faux,hieroglyphs,illustrations,another,original,experiment,speech,bubbles,exclusive,one,asterix,roman,agent,question,vile,manipulator,could,create,dissension,amongst,group,people,single,victims,start,quarreling,ultimately,fighting,speaking,speech,symbolize,font,variation,common,tactic,sandman,written,neil,features,many,characters,whose,speech,bubbles,written,font,exclusive,main,gloomy,dream,speaks,completely,similarly,wavy,white,scatterbrained,whimsical,delirium,speaks,bubbles,explosive,background,uneven,irreverent,raven,matthew,speaks,shaky,angular,kind,bubble,scratchy,john,special,shapes,bubbles,mad,recurring,comic,certain,words,written,larger,unusual,fonts,tendency,include,speech,necessary,storyline,small,scribbles,outside,balloons,add,side,often,used,irony,show,said,much,smaller,satsuki,yotsuba,manga,series,negima,notable,speaks,almost,entirely,side,graphic,symbols,speech,bubbles,speech,bubbles,used,include,voice,inflections,unspecified,punctuation,marks,one,universal,emblems,art,comics,use,single,punctuation,mark,depict,much,efficiently,possible,speech,bubble,single,big,question,mark,drawn,counted,part,denotes,confusion,exclamation,mark,indicates,surprise,device,broadly,used,european,comic,belgian,artist,adventures,tintin,series,good,punctuation,marks,stand,alone,bubble,ellipsis,three,used,express,silence,much,significant,way,mere,absence,specially,seen,character,supposed,say,indicate,stunned,silence,sarcastic,comment,expected,along,big,drop,sweat,depicting,embarrassment,caused,one,japanese,graphic,symbols,taken,root,comics,around,although,still,rare,western,japanese,even,sound,effect,shiin,foreign,languages,many,comic,words,would,foreign,narration,displayed,translation,reader,surrounded,angle,brackets,chevrons,elfquest,series,whenever,character,speaks,gilbert,series,palomar,written,supposed,take,place,mainly,hispanic,supposed,representations,spanish,speech,written,without,occasional,actual,english,speech,written,within,indicate,unintelligible,main,hispanophone,characters,comic,books,use,different,font,balloon,style,goths,speak,scandinavians,substitute,device,consistently,greeks,speak,angular,apparently,meant,suggest,romans,gauls,readily,understand,comics,actual,foreign,language,speech,translation,much,used,asterix,romans,citing,latin,big,z,convention,american,comics,sound,snore,reduced,single,letter,thus,speech,bubble,letter,standing,alone,drawn,hand,rather,font,means,character,sleeping,humorous,charles,peanuts,comic,even,imply,character,snoring,jim,davis,based,jokes,starring,garfield,upon,one,garfield,unable,sleep,pointing,wrong,grabs,tail,make,point,falls,resemblance,sound,snore,seemed,exclusive,english,spread,american,comics,made,frequent,feature,usual,symbol,sleep,big,bubble,coming,drawings,within,speech,bubble,singing,characters,usually,musical,notes,drawn,word,archie,melody,character,josie,pussycats,musical,notes,drawn,word,balloons,convey,speaks,mentioned,albert,uderzo,asterix,series,decorates,speech,bubbles,beautiful,flowers,depicting,extremely,sweet,voice,preceding,violent,outburst,stormy,cloud,rough,lightning,sticking,either,bubble,floating,head,modified,thought,depicts,always,verbally,light,bulbs,sometimes,used,character,comes,idea,solution,western,common,replace,profanity,string,nonsense,symbols,sometimes,called,comics,usually,addressed,children,bad,language,censored,replacing,less,elaborate,drawings,expressionistic,instead,calling,someone,pig,drawn,speech,one,example,spanish,mortadelo,created,francisco,although,specifically,addressed,mortadelo,born,francisco,censorship,order,day,slightest,attempt,rough,language,characters,donkey,billy,goats,even,faux,japanese,characters,often,seen,mortadelo,portrayed,film,spanish,director,javier,fesser,one,critiques,made,otherwise,successful,adaptation,use,words,never,appeared,fesser,see,bubble,speech,containing,lightning,falling,imagine,order,order,comic,strip,graphic,novel,dialogue,make,read,conventions,evolved,order,communication,bubbles,individual,bubbles,read,order,bubbles,read,left,right,way,sometimes,bubbles,two,characters,multiple,one,stacks,read,top,poor,use,speech,balloons,unintentionally,make,proper,reading,order,confusing,lettering,cartoonist,occupational,letterer,would,draw,individual,letters,balloons,sound,effects,modern,used,comics,today,universal,letter,computer,fonts,used,usually,emulate,style,mainstream,comic,books,lettered,entirely,name,particles,surname,scottish,irish,origin,starting,mc,indicate,frightened,quiet,manner,speech,interjection,uppercase,lowercase,used,ordinary,since,mixed,case,lettering,gradually,become,widely,used,mainstream,marvel,comics,experimented,mixed,case,lettering,mainstream,titles,since,returned,traditional,lettering,titles,specifically,marketed,younger,readers,manga,audience,marvel,adventures,runaways,loves,mary,jane,retained,mixed,case,many,although,lettering,entirely,capital,serif,versions,used,exclusively,capital,would,appear,normal,print,sanserif,simple,vertical,used,reduces,confusion,number,serves,indicate,personal,pronoun,lettering,convention,seen,computer,fonts,make,distinction,uppercase,substance,balloons,several,comics,artists,used,balloons,similar,narrative,true,usually,humorous,notes,played,schroeder,occasionally,take,substance,used,various,including,christmas,decorations,standing,places,sometimes,balloons,influenced,italian,strip,sturmtruppen,freeze,crack,temperature,archie,comic,strip,two,alaska,remarked,cold,saying,speech,balloons,froze,said,words,thawed,novel,censored,roger,last,words,murdered,toon,found,body,form,speech,speech,balloons,many,digital,artists,generate,speech,balloons,illustration,products,like,comic,book,creator,microsoft,comic,life,mac,x,application,balloonist,target,txtual,healing,street,art,performance,involves,strategically,projecting,interactive,speech,bubbles,onto,facade,coming,doors,using,computer,paired,cell,people,street,generate,content,bubbles,sending,sms,references,evolution,speech,retrieved,august,kerry,michael,verbal,art,performance,maya,hieroglyphic,see,balloon,help,bubble,project,tag,cloud,speech,scroll,external,links,picture,mayan,painted,pot,depiction,speech,tutorial,creating,speech,bubbles,comics,cartoons,webcomic,still,saved,guide,drawing,speech,bubbles,avoiding,common,mistakes,retrieved,comics,terminologyhidden,articles,unsourced,statements,articles,unsourced,statements,since,october,2008,articles,containing,japanese,language,text,articles,unsourced,statements,since,january,2009,views,article,discussion,edit,page,history,personal,tools,log,create,account,navigation,main,page,contents,featured,content,current,events,random,article,search,interaction,wikipedia,community,portal,recent,changes,contact,wikipedia,donate,wikipedia,help,toolbox,links,related,changes,upload,file,special,pages,printable,version,permanent,linkcite,page,languages,dansk,deutsch,gaelg,italiano,nederlands,polski,suomi,svenska,walon,page,last,modified,21,march,text,available,terms,gnu,free,documentation,copyrights,registered,trademark,wikimedia,registered,nonprofit,privacy,policy,wikipedia,disclaimers,