capitalization,free,encyclopedia,skin,stylepath,wgarticlepath,wgscriptpath,wgscript,wgvariantarticlepath,wgactionpaths,wgserver,wgcanonicalnamespace,wgcanonicalspecialpagename,wgnamespacenumber,wgpagename,wgtitle,wgaction,wgarticleid,wgisarticle,wgusername,wgusergroups,wguserlanguage,wgcontentlanguage,wgbreakframes,wgcurrevisionid,wgversion,wgenableapi,wgenablewriteapi,wgseparatortransformtable,wgdigittransformtable,wgmwsuggesttemplate,wgdbname,wgsearchnamespaces,wgmwsuggestmessages,wgrestrictionedit,wgrestrictionmove,wikibits,js,site,js,capitalization,free,encyclopedia,jump,search,article,needs,additional,citations,please,help,improve,article,adding,reliable,references,using,inline,unsourced,material,may,challenged,article,capitalization,written,see,capitalization,capitalization,guidelines,see,style,capitalization,capitalisation,see,spelling,writing,word,first,letter,majuscule,remaining,letters,minuscules,writing,systems,case,term,used,broadly,choice,case,different,language,orthographies,different,conventions,use,systematic,use,capitalized,uncapitalized,words,running,text,called,conventions,capitalization,titles,special,cases,vary,among,languages,different,style,representations,certain,writing,notion,digraph,considered,single,orthographic,representation,single,unicode,capitalized,written,written,meanwhile,single,character,dutch,fully,city,contents,1,parts,speech,pronouns,places,geographic,terms,nouns,adjectives,2,context,3,special,cases,compound,names,accents,digraphs,ligatures,initial,mutation,case,sensitive,english,words,4,see,5,references,6,external,links,tocshowtext,tochidetext,parts,speech,capitalization,custom,varies,full,rules,capitalization,english,rules,changed,generally,capitalize,fewer,modern,18th,century,document,seems,use,initial,capitals,important,function,english,style,guides,describe,complete,current,although,variation,one,guide,owing,essentially,arbitrary,nature,orthographic,classification,existence,variant,authorities,local,house,questionable,capitalization,words,even,respected,newspapers,publishers,properly,require,least,within,applying,specified,pronouns,nominative,form,singular,along,contractions,many,european,languages,capitalize,nouns,pronouns,used,refer,hallowed,thy,look,hath,english,authors,capitalize,word,referring,capitalize,languages,capitalize,formal,german,formal,second,person,singular,plural,capitalized,along,declensions,third,person,feminine,singular,third,person,plural,pronouns,informal,pronoun,may,capitalized,desired,used,address,italian,capitalizes,formal,cases,within,arrivederla,occasionally,likewise,done,dutch,abbreviation,pronoun,usually,written,russian,formal,pronoun,cases,capitalized,personal,plural,forms,jeres,distinguishes,preposition,formally,written,czech,notably,letters,pronouns,referring,addressee,includes,ty,declensions,ciebie,plural,pronouns,encompassing,wy,including,principle,extends,nouns,used,formal,third,person,used,address,letter,pan,pani,english,vocative,particle,archaic,form,art,king,lowercase,seen,places,geographic,terms,article,contains,purpose,wikipedia,present,please,help,improve,article,either,rewriting,content,moving,wikiversity,capitalization,geographic,terms,english,text,generally,depends,whether,author,perceives,term,proper,case,combination,established,proper,noun,normal,adjective,case,latter,universally,agreed,lists,english,geographic,terms,considered,proper,following,examples,rules,british,publishers,established,style,guides,first,letter,capitalized,places,general,rule,applies,zones,surface,temperate,capitalize,points,compass,southeast,adjectives,central,new,upper,lower,rio,capitalize,generic,geographic,terms,part,proper,noun,capitalize,generic,term,follows,capitalized,generic,term,river,use,lower,case,plurals,taklamakan,capitalize,part,formal,place,name,bahamas,gambia,netherlands,unclear,capitalization,specific,search,google,beware,titles,section,publishers,use,different,rules,capitalization,general,consensus,may,necessarily,follow,house,help,give,clue,customary,scientific,keep,mind,goal,writing,clearly,express,reason,paying,close,attention,proper,capitalization,merely,sake,conforming,arbitrary,set,one,specific,reason,conform,accepted,capitalization,norms,give,readers,precise,idea,collecting,upper,east,central,central,north,south,north,middle,gambia,lower,central,western,southern,western,eastern,northern,north,central,lower,yangtze,nouns,nouns,words,practice,danish,spelling,reform,done,18th,century,english,travels,original,1787,united,states,close,relative,german,one,three,official,languages,still,uses,capitalization,nouns,nearly,european,proper,nouns,personal,proper,nouns,usually,follow,rules,like,traditional,english,rules,publication,titles,robert,placenames,preceded,definite,usually,sometimes,article,integral,french,occur,contractions,viens,english,names,may,written,two,lowercase,ff,fossilizes,older,misreading,blackletter,uppercase,individuals,choose,use,capitals,lang,bell,whose,name,often,spelt,without,spell,name,usage,derives,typography,used,cover,one,brand,names,trademarks,capitalized,although,chosen,deviate,standard,rules,id,capitals,occur,within,sometimes,referred,tfl,nowadays,seem,use,mixed,case,referring,london,underground,line,names,signs,even,labels,circle,line,always,listed,circle,circle,however,extend,national,rail,services,north,london,names,days,months,languages,demonyms,like,practice,capitalization,always,used,names,taxa,used,scientific,classification,living,except,taxa,homo,sapiens,controversial,practice,followed,various,authors,capitalization,common,names,animal,plant,general,names,lower,unless,part,official,list,case,become,proper,nouns,names,referring,one,species,horse,always,common,botanists,generally,reject,practice,capitalizing,common,names,though,individual,words,plant,names,may,capitalized,another,rule,italian,stone,see,discussion,official,common,names,common,name,common,nouns,may,capitalized,used,names,entire,class,piece,work,french,often,capitalizes,nouns,referring,specific,names,gods,including,word,god,generally,capitalized,used,refer,generic,idea,capitalized,refers,multiple,roman,may,confusion,god,rarely,referred,specific,simply,god,writing,divine,names,yahweh,acronyms,historically,written,modern,usage,moving,towards,capitalization,cases,well,proper,nouns,like,life,stance,order,distinguish,life,stances,general,humanism,distinguished,legal,defined,terms,refer,specific,often,english,honorifics,titles,doctor,mrs,royal,highness,duke,apply,words,watson,philip,adjectives,adjectives,derived,proper,nouns,names,characters,fictional,usually,retain,capitalization,christian,canadian,shakespearean,quixotic,holmesian,original,capital,longer,beginning,usage,presocratic,presocratic,adjectives,receive,capitals,german,french,spanish,swedish,polish,adjective,becomes,noun,using,article,numeral,front,bunte,colorful,beautiful,capitalized,like,applies,verbs,laufen,spazierengehen,whether,geographic,adjectives,adjectives,referring,countries,geographic,places,capitalized,german,depends,geographic,adjectives,ending,base,form,others,feel,strange,forms,adjective,exist,particular,one,refer,something,mecklenburg,calling,either,adjectives,referring,nationality,ethnicity,capitalized,even,though,nouns,navire,canadian,nouns,adjectives,capitalized,english,referring,nationality,context,modern,european,first,word,sentence,first,word,quoted,first,word,sentence,capitalized,modern,editions,ancient,greek,lesser,latin,distinction,lower,upper,case,introduced,middle,antiquity,capital,forms,letters,terms,capital,first,letter,avoided,avoiding,use,beginning,writing,lowercase,even,beginning,ph,looks,unfamiliar,written,may,even,different,milli,names,sayings,never,even,start,sentences,avonds,eet,graag,evenings,like,compound,names,first,word,line,piece,winged,command,sovereign,awful,ceremony,throughout,host,proclaim,solemn,council,forthwith,held,high,capital,satan,paradise,lost,modern,poets,often,ignore,defy,headlines,titles,works,typically,use,title,nearly,words,special,cases,compound,names,particle,pronounced,surname,alexander,capitalized,first,letter,particles,like,surname,always,capitalized,unless,given,name,initial,precedes,compound,particles,like,first,one,articles,capitalized,except,introducing,title,nobility,use,lower,case,granted,noble,thus,sentence,location,productive,beste,werken,maakt,vincent,gogh,frankrijk,would,without,given,name,vincent,beste,werken,maakt,gogh,frankrijk,names,sayings,never,even,start,short,articles,old,possessive,form,capitalization,start,applies,next,gravenhage,graven,theehuis,practice,varies,name,starts,particle,meaning,particles,always,others,usually,still,others,often,compound,particle,usually,written,capitalized,remaining,part,following,always,capitalized,set,space,separate,particle,normally,capitalized,particle,cases,set,rule,macintyre,macintyre,accents,languages,use,treated,way,uppercase,whether,text,capitalized,may,always,preserved,always,omitted,rule,scots,often,omitted,french,attribute,fact,diacritics,capital,letters,available,earlier,becoming,common,capitalize,french,spanish,languages,rule,preserve,although,schoolchildren,often,yet,add,diacritics,capital,polytonic,orthography,used,greek,prior,accents,omitted,kept,part,uppercase,initial,rather,latter,situation,provided,characters,greek,written,present,day,monotonic,acute,accent,rule,accent,omitted,words,kept,part,uppercase,initial,letter,rather,digraphs,ligatures,languages,treat,certain,digraphs,one,formed,corresponding,uppercase,form,used,written,two,separate,first,thus,oedipus,oedipus,examples,ligature,include,letter,rather,merely,typographic,separate,characters,include,llanelli,single,ffrangeg,welsh,ff,equivalent,english,f,welsh,f,corresponds,english,exception,dutch,letter,originally,ligature,components,capitalized,even,though,usually,printed,practice,letter,alternative,still,used,cursive,writing,converse,exception,exists,croatian,digraph,letters,forms,even,written,typewriters,forms,become,less,common,nevertheless,represented,single,characters,unicode,initial,mutation,languages,inflected,forms,word,may,extra,letters,capitalized,letter,may,initial,root,form,rather,inflected,slievenamon,irish,written,sliabh,mban,mban,derives,even,though,b,fact,mute,derived,languages,may,capitalize,initial,letter,orthographic,even,present,definite,nouns,maltese,start,certain,consonant,uniti,united,capitalize,epenthetic,even,though,base,form,word,without,definite,article,case,sensitive,english,words,even,words,whose,meaning,sometimes,varies,list,case,sensitive,english,see,letter,case,upper,case,sentence,case,camelcase,orthography,internet,capitalization,conventions,word,changes,meaning,sometimes,capitalized,references,economist,style,capitalisation,places,council,science,style,manual,scientific,style,cse,manual,7th,section,isbn,9780977966509,journal,cummings,issue,1992,capitalization,rules,demonyms,many,languages,wikimedia,humanism,unmodified,edd,published,humanist,oxford,manual,ritter,oxford,university,2002,chicago,style,special,characters,accentuation,majuscules,questions,academie,h,welsh,dictionary,collins,uk,1977,isbn,0004334027,vladimir,josip,hrvatskog,ili,srpskog,1986,spelling,handbook,external,links,look,capitalization,free,capitalization,rules,song,titles,university,south,carolina,capitalization,guide,rules,capitalization,perl,module,english,capitalization,perl,module,western,european,name,capitalization,council,science,style,manual,scientific,style,cse,manual,7th,reston,section,120,retrieved,orthography,typesetting,typographyhidden,articles,needing,additional,references,january,2009,articles,unsourced,statements,articles,unsourced,statements,since,february,2007,articles,containing,sections,articles,unsourced,statements,since,march,2007,views,article,discussion,edit,page,history,personal,tools,log,create,account,navigation,main,page,contents,featured,content,current,events,random,article,search,interaction,wikipedia,community,portal,recent,changes,contact,wikipedia,donate,wikipedia,help,toolbox,links,related,changes,upload,file,special,pages,printable,version,permanent,linkcite,page,languages,deutsch,italiano,simple,english,svenska,page,last,modified,10,april,text,available,terms,gnu,free,documentation,copyrights,registered,trademark,wikimedia,registered,nonprofit,privacy,policy,wikipedia,disclaimers,