camelcase,free,encyclopedia,skin,stylepath,wgarticlepath,wgscriptpath,wgscript,wgvariantarticlepath,wgactionpaths,wgserver,wgcanonicalnamespace,wgcanonicalspecialpagename,wgnamespacenumber,wgpagename,wgtitle,wgaction,wgarticleid,wgisarticle,wgusername,wgusergroups,wguserlanguage,wgcontentlanguage,wgbreakframes,wgcurrevisionid,wgversion,wgenableapi,wgenablewriteapi,wgseparatortransformtable,wgdigittransformtable,wgmwsuggesttemplate,wgdbname,wgsearchnamespaces,wgmwsuggestmessages,wgrestrictionedit,wgrestrictionmove,wikibits,js,site,js,camelcase,free,encyclopedia,jump,search,camelcase,spelled,medial,practice,writing,compound,words,phrases,words,joined,without,spaces,capitalized,within,name,comes,uppercase,middle,compound,suggestive,humps,practice,known,many,camel,case,standard,identifier,naming,convention,several,programming,become,fashionable,marketing,names,products,camel,case,rarely,used,formal,written,style,guides,recommend,contents,1,variations,synonyms,2,history,early,uses,origins,use,computing,identifiers,theory,theory,spread,mainstream,usage,history,name,3,current,usage,computing,programming,coding,wiki,link,markup,uses,4,current,usage,natural,languages,orthographic,markings,inflection,prefixes,abbreviations,acronyms,honorifics,within,compound,words,uses,5,see,6,references,7,external,links,tocshowtext,tochidetext,variations,synonyms,first,letter,compound,may,may,article,calls,two,alternatives,upper,camel,case,lower,camel,people,organizations,use,term,camel,case,refer,upper,camel,case,pascal,term,camel,case,discriminate,synonyms,bumpycase,camelback,camelcaps,capitalizedwords,capwords,upper,camel,mixedcase,lower,camel,clcl,sometimes,clc,intercaps,internalcapitalization,leadingcaps,first,letter,wikiword,wikicase,studlycaps,style,similar,necessarily,camel,sometimes,used,reference,camel,case,refer,random,mixed,capitalisation,popularly,used,online,camel,case,distinct,title,traditionally,used,book,titles,title,case,capitalizes,words,yet,retains,spaces,camel,case,distinct,tall,uses,capitals,emphasize,differences,history,early,uses,advertisement,1953,film,robe,debuted,one,earliest,product,trademarks,use,medial,camel,case,always,used,traditional,spelling,style,certain,scottish,maclean,fitzgerald,convention,sometimes,used,english,surnames,foreign,origin,include,prepositions,dupont,french,dupont,dicaprio,italian,vandyke,dutch,actress,zasu,whose,fame,peaked,1930s,sometimes,spelled,given,name,emphasizing,derivation,two,occasionally,used,corporate,names,product,cinemascope,rival,widescreen,movie,formats,shopko,canadian,version,mister,neighborhood,astroturf,formerly,consolidated,mills,mixed,capitals,traditionally,used,indicate,element,boundaries,chemical,formulas,like,nacl,19th,technical,codes,like,hela,origins,use,computing,use,camel,case,became,widespread,1970s,adopted,standard,alternative,naming,convention,identifiers,several,programming,origin,convention,yet,identifiers,computer,programmers,often,feel,need,write,descriptive,like,order,improve,readability,popular,programming,languages,forbid,use,spaces,inside,since,interpreted,delimiters,alternative,writing,words,together,since,word,boundaries,may,quite,difficult,discern,early,programming,notably,lisp,cobol,addressed,problem,allowing,hyphen,used,words,compound,solution,adequate,languages,fortran,algol,needed,hyphen,subtraction,restricted,identifiers,six,characters,fewer,preventing,identifiers,except,made,short,since,common,punched,card,character,sets,time,letters,special,character,would,adequate,early,languages,without,late,1960s,widespread,adoption,ascii,character,set,made,lower,case,underscore,character,universally,notably,promptly,adopted,underscores,word,compounds,like,still,prevalent,programs,languages,programmers,chose,avoid,underscores,adopted,camel,case,two,accounts,commonly,given,origin,theory,one,theory,origin,camel,case,convention,holds,programmers,hackers,simply,found,convenient,standard,underscore,key,inconveniently,placed,qwerty,fonts,underscore,character,confused,minus,overlooked,falls,string,lost,entirely,displayed,printed,printed,printer,defective,pin,misaligned,early,compilers,severely,restricted,length,identifiers,8,14,silently,truncated,identifiers,small,size,computer,displays,available,1970s,encouraged,use,short,many,programmers,opted,use,camel,case,instead,yielded,legible,compound,names,fewer,keystrokes,fewer,theory,another,account,claims,camel,case,style,first,became,popular,xerox,parc,around,mesa,programming,language,developed,xerox,alto,machine,lacked,underscore,hyphen,space,characters,permitted,leaving,camelcase,viable,scheme,readable,multiword,parc,mesa,language,manual,included,coding,standard,specific,rules,lowercamelcase,strictly,followed,mesa,libraries,alto,operating,smalltalk,developed,originally,alto,became,quite,popular,early,may,instrumental,spreading,style,outside,camel,case,used,convention,many,names,postscript,page,description,language,adobe,systems,founder,scientist,john,well,language,boost,provided,niklaus,inventor,acquired,taste,camel,case,sabbatical,used,next,programming,spread,mainstream,usage,whatever,origins,within,computing,camel,case,spread,wider,audience,1980s,advent,personal,computer,exposed,hacker,culture,camel,case,became,fashionable,corporate,trade,first,fields,later,expanding,examples,ranging,1970s,2000s,give,history,spread,unitedhealthcare,visicalc,echostar,wordperfect,netware,next,eastenders,spacecamp,powerpoint,seatac,superamerica,thinkpad,valujet,airtran,solidworks,easyjet,early,use,camelcase,lowercase,first,worldcom,ebay,radioshack,radio,tivo,imac,spongebob,exxonmobil,fedex,federal,paypal,nintendo,gamecube,myspace,firered,leafgreen,petsmart,fort,wayne,empire,cinemas,moviemail,bubble,late,lowercase,prefixes,perhaps,became,quite,giving,rise,camel,case,names,like,ipod,dave,yost,suggested,using,camel,case,long,chemical,names,city,incorporated,example,city,officially,spelled,camel,history,name,original,name,used,media,oxford,english,fancier,names,variations,thereof,relatively,seem,common,earliest,known,occurrence,term,intercaps,usenet,april,1990,post,group,avi,bicapitalization,appearing,slightly,later,1991,post,eric,raymond,earliest,use,name,occurs,post,newton,advent,programming,languages,sorts,humpiness,style,made,call,humpycase,settled,calling,camelcase,said,citation,first,time,used,name,name,camelcase,related,uses,identifiers,underscores,sample,current,usage,computing,programming,coding,use,medial,caps,compound,identifiers,recommended,coding,style,guidelines,many,organizations,software,languages,practice,recommended,language,developers,authoritative,threfore,become,part,style,guidelines,often,distinguish,upper,lower,camel,typically,specifying,variety,used,specific,kinds,record,rules,sometimes,supported,static,analysis,tools,check,source,code,original,hungarian,notation,specifies,lowercase,abbreviation,data,prefix,variable,remainder,name,upper,camel,form,lower,camel,programming,identifiers,often,need,contain,acronyms,initialisms,already,uppr,html,analogy,title,case,natural,camel,case,rendering,would,abbreviation,upper,namely,approach,problematic,two,acronyms,occur,together,dbm,would,become,standard,mandates,lower,camel,case,name,begins,abbreviation,would,become,programmers,prefer,treat,abbreviations,lower,case,write,camel,case,means,universal,programming,notably,lisp,compound,names,usually,separated,claimed,readable,convenient,camel,case,inappropriate,language,ignores,capitalization,case,common,wiki,link,markup,camel,case,used,wiki,markup,languages,terms,automatically,linked,wiki,convention,originally,used,ward,original,wiki,still,used,wikipedia,formerly,used,camel,case,linking,switched,explicit,link,markup,using,square,many,wiki,sites,done,default,different,link,markup,may,option,enable,camel,case,wikis,use,camel,case,linking,may,still,use,camel,case,naming,uses,niem,registry,requires,xml,data,elements,use,upper,camel,case,xml,attributes,use,lower,camel,camel,case,official,convention,file,names,java,amiga,personal,operating,linux,popular,interfaces,scripting,languages,canno,easily,habdle,file,names,contain,embedded,users,systems,often,resort,camel,case,compound,file,names,like,current,usage,natural,languages,camelcase,used,languages,english,variety,including,ones,orthographic,markings,camel,case,sometimes,used,transcription,certain,differentiate,letters,example,rendering,tibetan,proper,names,like,stands,prefix,glyph,original,script,functions,tone,marker,rather,normal,inflection,prefixes,camel,case,may,used,writing,proper,names,languages,inflect,words,attaching,prefixes,custom,leave,prefix,lower,capitalize,convention,used,irish,orthography,well,scots,gaelic,ngaillimh,gaillimh,talbanach,scottish,albanach,go,several,bantu,languages,use,kiswahili,isizulu,abbreviations,acronyms,camelcase,acronyms,oulipo,favored,time,alternatives,camelcase,often,used,transliterate,initialisms,alphabets,two,letters,may,required,represent,single,character,original,dshk,cyrillic,honorifics,within,compound,words,several,including,pronouns,possessives,may,capitalized,indicate,referring,reader,formal,letter,capitalization,customarily,retained,even,words,occur,within,compound,words,suffixed,italian,one,would,write,porgendole,distinti,saluti,respectful,adorarlo,uses,nouns,carry,grammatical,gender,roles,job,usually,since,feminist,movement,writers,publishers,using,feminine,title,suffixes,emphasize,inclusion,written,capital,indicate,males,leserinnenbriefe,female,instead,leserbriefe,leserinnenbriefe,female,see,caps,naming,conventions,studlycaps,references,brad,history,around,pascal,casing,camel,casing,pascal,case,b,brian,semicolon,scientist,magazine,sigma,scientific,research,society,coding,standards,guidelines,purdue,university,college,technology,b,style,guide,python,code,manual,style,oxford,university,isbn,title,case,php,sitepoint,blogs,intelligent,title,case,change,casing,text,titlecase,jan,schreuder,jacob,essay,cause,chemical,circumstances,relating,together,short,easy,method,expressing,annals,philosophy,henry,leicester,herbert,source,book,united,healthcare,new,scientist,vol,158,2139,20,june,1998,newton,love,external,links,examples,history,wordssmashedtogetherlikeso,framework,general,reference,capitalization,styles,bill,slot,science,word,kevin,advanced,reading,microsoft,corporation,evolution,underscores,oasis,cover,camelcase,naming,components,retrieved,typography,naming,conventionshidden,articles,unsourced,statements,articles,unsourced,statements,since,april,2009,articles,containing,irish,language,text,articles,containing,language,text,articles,containing,german,language,text,views,article,discussion,edit,page,history,personal,tools,log,create,account,navigation,main,page,contents,featured,content,current,events,random,article,search,interaction,wikipedia,community,portal,recent,changes,contact,wikipedia,donate,wikipedia,help,toolbox,links,related,changes,upload,file,special,pages,printable,version,permanent,linkcite,page,languages,dansk,deutsch,galego,bahasa,indonesia,italiano,nederlands,polski,suomi,svenska,page,last,modified,7,april,text,available,terms,gnu,free,documentation,copyrights,registered,trademark,wikimedia,registered,nonprofit,privacy,policy,wikipedia,disclaimers,