list,explorers,free,encyclopedia,skin,stylepath,wgarticlepath,wgscriptpath,wgscript,wgvariantarticlepath,wgactionpaths,wgserver,wgcanonicalnamespace,wgcanonicalspecialpagename,wgnamespacenumber,wgpagename,wgtitle,wgaction,wgarticleid,wgisarticle,wgusername,wgusergroups,wguserlanguage,wgcontentlanguage,wgbreakframes,wgcurrevisionid,wgversion,wgenableapi,wgenablewriteapi,wgseparatortransformtable,wgdigittransformtable,wgmwsuggesttemplate,wgdbname,wgsearchnamespaces,wgmwsuggestmessages,wgrestrictionedit,wgrestrictionmove,wikibits,js,site,js,list,explorers,free,encyclopedia,jump,search,list,explorers,sorted,see,links,contents,b,f,g,h,k,p,q,r,v,w,x,z,name,nationality,century,main,explored,william,adams,british,17th,japan,abu,abdullah,muhammad,ibn,moroccan,14th,central,indian,southeast,asia,charles,albanel,french,17th,canada,afonso,albuquerque,portuguese,16th,india,ahmad,ibn,fadlan,arab,10th,eastern,middle,scandinavia,ahmad,ibn,rustah,persian,10th,arabia,edwin,aldrin,american,20th,moon,alenquer,portuguese,15th,african,coast,benedict,british,various,diego,almagro,spanish,16th,chile,francisco,almeida,portuguese,16th,india,pedro,alvarado,spanish,16th,honduras,francisco,portuguese,16th,ethiopia,jorge,portuguese,16th,china,roald,amundsen,norwegian,south,northwest,passage,pires,andrade,portuguese,16th,china,henryk,arctowski,polish,20th,south,america,salomon,august,swedish,19th,arctic,roy,chapman,andrews,american,20th,mongolia,neil,armstrong,american,20th,moon,auer,finnish,20th,tierra,fuego,patagonia,diogo,azambuja,portuguese,15th,west,african,coast,b,name,nationality,century,main,explored,george,back,british,19th,canadian,arctic,willy,rod,british,17th,northwest,passage,samuel,baker,british,19th,africa,vasco,balboa,spanish,16th,panama,barcelos,portuguese,north,america,willem,barents,dutch,16th,northeast,novaya,zemlya,heinrich,barth,german,19th,central,northern,africa,robert,bartlett,canadian,early,20th,arctic,george,bass,australian,18th,australia,henry,walter,bates,british,19th,amazonia,nicolas,baudin,french,18th,australia,fabian,gottlieb,bellingshausen,baltic,german,19th,antarctica,joseph,bellot,french,19th,arctic,benyovszky,hungarian,18th,northern,pacific,ocean,vitus,bering,danish,18th,northern,pacific,ocean,juan,francisco,bodega,quadra,spanish,18th,pacific,northwest,vittorio,bottego,italian,19th,somalia,pierre,savorgan,brazza,19th,congo,saint,brendan,irish,6th,atlantic,ocean,jim,bridger,american,19th,western,united,states,james,bruce,british,18th,middle,egypt,william,bruce,british,early,20th,antarctica,french,17th,canada,lafayette,bunnell,american,19th,yosemite,valley,johann,ludwig,burckhardt,swiss,19th,middle,sudan,richard,francis,burton,british,19th,east,africa,bustamante,guerra,spanish,18th,pacific,ocean,richard,byrd,american,20th,north,antarctica,name,nationality,century,main,explored,cabeza,vaca,spanish,16th,southwestern,united,argentina,john,15th,north,american,mainland,pedro,cabral,portuguese,madagascar,rodrigues,cabrilho,portuguese,16th,california,alvise,cadamosto,italian,15th,cape,verde,islands,french,19th,north,africa,caminha,portuguese,15th,islands,vaz,caminha,portuguese,15th,brazil,diogo,portuguese,15th,west,coast,africa,congo,hermenegildo,brito,capelo,portuguese,19th,african,continent,john,carpini,italian,13th,central,asia,juan,carrasco,spanish,18th,pacific,northwest,jan,carstensz,dutch,17th,new,guinea,gulf,carpentaria,jacques,cartier,french,16th,lawrence,river,cavelier,french,17th,mississippi,embayment,thomas,cavendish,british,16th,pacific,coast,central,south,america,samuel,champlain,french,great,lakes,jean,chardin,french,17th,india,fletcher,christian,british,18th,polynesia,hugh,clapperton,british,west,central,africa,william,clark,american,western,united,states,coelho,portuguese,south,american,coast,nicolau,coelho,portuguese,15th,brazil,christopher,italian,caribbean,george,comer,american,arctic,conti,italian,early,15th,southeast,asia,frederick,cook,american,arctic,james,cook,british,18th,oceania,diogo,correia,portuguese,16th,brazil,francisco,vasquez,coronado,spanish,16th,new,mexico,gaspar,portuguese,16th,greenland,portuguese,late,15th,newfoundland,miguel,portuguese,16th,massachusetts,spanish,16th,mexico,juan,cosa,spanish,south,america,thomas,coulter,irish,19th,alta,california,cousteau,french,20th,deep,portuguese,ethiopia,cunha,portuguese,16th,tristan,cunha,islands,jeremy,curl,british,20th,african,continent,name,nationality,century,main,explored,ripley,davenport,british,south,mongolia,isaac,davis,british,18th,hawaii,smet,belgian,19th,north,america,bartolomeu,dias,portuguese,15th,africa,francis,drake,british,16th,caribbean,name,nationality,century,main,explored,gil,eanes,portuguese,15th,northwest,african,coast,juan,elcano,spain,16th,completed,ferdinand,circumnavigation,francisco,eliza,spain,18th,strait,juan,fuca,strait,georgia,erik,red,viking,10th,greenland,leif,ericson,viking,vinland,pedro,escobar,portuguese,15th,islands,george,everest,british,19th,india,f,name,nationality,century,main,explored,edmund,fanning,american,oceania,ibn,farrukh,andalusian,10th,atlantic,canary,islands,sir,ranulph,fiennes,british,20th,antarctica,fernandes,portuguese,15th,west,african,coast,baltazar,fernandes,portuguese,17th,brazil,duarte,fernandes,portuguese,16th,thailand,salvador,fidalgo,spanish,18th,pacific,northwest,matthew,flinders,british,tasmania,alexander,forbes,british,19th,california,john,franklin,british,19th,northwest,passage,john,american,19th,oregon,sierra,nevada,marion,fresne,french,18th,oceania,louis,freycinet,french,19th,western,oceania,vivian,fuchs,british,20th,antarctica,g,name,nationality,century,main,explored,alfons,gabriel,austrian,20th,iran,dionisio,galiano,spanish,18th,pacific,northwest,yuri,gagarin,russian,20th,earth,orbit,juan,galindo,mixed,19th,mesoamerica,gama,portuguese,16th,indian,ocean,paulo,gama,portuguese,15th,route,europe,india,vasco,gama,portuguese,route,europe,india,thomas,gann,irish,mesoamerica,francis,garnier,french,19th,mekong,river,pierre,gaultier,varennes,french,canadian,18th,north,american,interior,romolo,gessi,italian,19th,sudan,ernest,giles,australian,19th,central,australia,portuguese,brazil,portuguese,15th,west,african,coast,lopes,portuguese,15th,atlantic,ocean,james,augustus,grant,british,19th,eastern,africa,grego,portuguese,15th,african,coast,juan,grijalva,spanish,16th,nicaragua,gonzalo,guerrero,spanish,16th,peninsula,charles,gwynn,british,sudan,h,name,nationality,century,main,explored,navigator,carthaginian,6th,bce,west,african,coast,hannu,ancient,egyptian,eastern,africa,gonzalo,haro,spanish,18th,pacific,northwest,dirk,hartog,dutch,17th,western,australian,coast,ahmed,pasha,egyptian,20th,oweinat,sahara,ferdinand,vandeveer,hayden,american,19th,rocky,mountains,western,united,states,bruno,heceta,spanish,18th,pacific,northwest,sven,hedin,swedish,central,asia,louis,hennepin,17th,north,american,interior,william,lewis,herndon,american,19th,amazonia,bjarni,herjulfsson,viking,10th,north,america,thor,heyerdahl,norwegian,20th,anthropological,ocean,voyages,sir,edmund,hillary,new,zealand,20th,mount,antarctica,himilco,navigator,carthaginian,6th,bce,northwestern,coast,europe,clement,hodgkinson,british,19th,new,south,wales,emil,holub,czech,19th,africa,hong,bao,chinese,15th,south,shetland,south,atlantic,cornelis,houtman,dutch,16th,route,europe,indonesia,frederick,houtman,dutch,western,australian,coast,william,hovell,british,19th,southern,new,south,wales,henry,hudson,british,17th,northwest,hudson,bay,alexander,humboldt,german,19th,latin,siberia,hamilton,hume,australian,19th,australian,interior,james,hutchinson,american,20th,sierra,nevada,hyecho,korean,8th,persia,central,asia,name,nationality,century,main,explored,infante,portuguese,15th,african,coast,roberto,ivens,portuguese,19th,african,continent,helge,ingstad,norwegian,20th,alaska,name,nationality,century,main,explored,anthony,jenkinson,british,16th,persia,k,name,nationality,century,main,explored,thorfinn,karlsefni,icelandic,early,11th,vinland,johann,karl,ehrenfried,kegel,german,19th,kamchatka,george,kennan,american,edmund,kennedy,19th,australian,interior,khashkhash,ibn,saeed,ibn,aswad,andalusian,9th,atlantic,ocean,ferdinand,croatian,18th,baja,california,peninsula,pyotr,kozlov,russian,early,20th,tibet,name,nationality,century,main,explored,richard,lemon,lander,british,early,19th,west,africa,benue,grigori,ivanovitch,langsdorff,prussian,early,19th,brazil,galaup,french,18th,pacific,rim,anthony,british,17th,antarctica,fernandes,lavrador,portuguese,labrador,joseph,leconte,american,20th,sierra,nevada,albert,coq,german,central,asia,john,ledyard,american,18th,russia,miguel,legazpi,spanish,16th,philippines,ludwig,leichhardt,prussian,19th,australian,interior,gaspar,lemos,portuguese,15th,brazil,dragutin,lerman,croatian,congo,meriwether,lewis,american,western,united,states,david,livingstone,british,19th,southern,eastern,africa,name,nationality,century,main,explored,alexander,mackenzie,canadian,canada,ferdinand,magellan,portuguese,circumnavigation,alessandro,malaspina,18th,pacific,ocean,teoberto,maler,19th,mesoamerica,george,mallory,british,early,20th,mount,everest,lancelotto,malocello,italian,lanzarote,albert,hastings,markham,british,19th,arctic,marques,portuguese,16th,mozambique,martins,portuguese,15th,cape,good,hope,pedro,mascarenhas,portuguese,16th,indian,diego,garcia,nicholai,russian,19th,new,guinea,john,minor,maury,american,19th,gap,douglas,mawson,australian,20th,antarctica,spanish,16th,pacific,ocean,archibald,menzies,british,pacific,circumnavigation,thomas,mitchell,british,19th,australian,interior,richard,mohun,american,congo,free,state,henri,mouhot,french,19th,south,east,asia,john,moresby,british,19th,new,guinea,coast,francisco,antonio,mourelle,spanish,18th,pacific,northwest,pacific,ocean,joaquim,augusto,mouzinho,albuquerque,portuguese,19th,mozambique,name,nationality,century,main,explored,gustav,nachtigal,german,19th,africa,fridtjof,nansen,norwegian,arctic,spanish,18th,pacific,northwest,nehsi,ancient,egyptian,15th,bce,land,punt,jean,nicolet,french,17th,northwest,territory,joseph,nicollet,19th,mississippi,missouri,rivers,afanasiy,nikitin,russian,15th,india,noli,portuguese,15th,cape,verde,islands,adolf,erik,19th,arctic,tenzing,norgay,nepalese,20th,mount,everest,noronha,portuguese,atlantic,ocean,nova,portuguese,16th,atlantic,indian,oceans,paulo,dias,novais,portuguese,16th,angola,name,nationality,century,main,explored,ocampo,spanish,gulf,mexico,odoric,pordenone,italian,india,china,peter,skene,ogden,canadian,snake,river,western,united,states,juan,spanish,16th,american,southwest,francisco,orellana,spanish,16th,south,amazon,river,john,oxley,british,p,name,nationality,century,main,explored,mungo,park,british,west,africa,william,parry,british,19th,arctic,robert,peary,american,arctic,paul,pelliot,french,central,asia,duarte,pacheco,pereira,portuguese,15th,atlantic,brazil,bartolomeu,perestrelo,portuguese,15th,madeira,islands,juan,spanish,18th,pacific,northwest,auguste,piccard,swiss,20th,deep,jacques,piccard,swiss,20th,deep,zebulon,pike,american,louisiana,purchase,alonso,alvarez,pineda,spanish,gulf,coast,serpa,pinto,portuguese,19th,southern,africa,mendes,pinto,portuguese,16th,far,japan,martin,alonzo,spanish,15th,caribbean,vicente,spanish,brazil,pires,portuguese,15th,abortive,voyage,brazil,francisco,pizarro,spanish,16th,peru,portuguese,15th,west,african,coast,marco,polo,venetian,mongol,empire,peter,pond,american,canadian,interior,gaspar,spanish,18th,alta,baja,california,john,wesley,powell,american,19th,western,united,states,gavriil,pribylov,russian,18th,pribilof,islands,nathaniel,hale,pryor,american,19th,western,united,states,nikolai,przhevalsky,russian,19th,central,asia,pytheas,ancient,greek,4th,bce,northern,europe,q,name,nationality,century,main,explored,manuel,quimper,spanish,18th,pacific,northwest,pedro,portuguese,oceania,r,name,nationality,century,main,explored,john,rae,british,19th,northwest,canadian,arctic,sir,walter,raleigh,english,orinoco,river,matteo,ricci,italian,16th,china,diogo,rodrigues,portuguese,16th,mascarene,islands,rondon,brazilian,brazilian,interior,james,clark,ross,british,19th,antarctic,william,rubruck,flemish,13th,century,central,asia,henry,russell,irish,19th,pyrenees,name,nationality,century,main,explored,kira,salak,american,century,papua,new,bhutan,csoma,hungarian,early,19th,tibet,portuguese,15th,islands,pedro,sarmiento,gamboa,spanish,16th,solomon,islands,rabban,bar,sauma,13th,middle,east,johann,schiltberger,german,15th,central,asia,georg,august,schweinfurth,19th,east,central,africa,robert,falcon,scott,british,antarctica,scylax,caryanda,ancient,greek,6th,bce,indus,indian,red,tibor,sekelj,croat,20th,argentina,mirko,stjepan,seljan,croat,early,20th,south,america,alexandre,serpa,pinto,portuguese,19th,african,continent,francisco,portuguese,16th,century,indonesia,ernest,shackleton,british,early,20th,antarctica,eric,shipton,british,20th,mount,southern,patagonia,tanaka,japanese,17th,mexico,diogo,silves,portuguese,15th,azores,sintra,portuguese,15th,west,african,sierra,leone,william,smith,british,early,19th,south,shetland,islands,dewey,soper,canadian,20th,canadian,arctic,hernando,soto,spanish,16th,central,southern,united,states,martim,afonso,sousa,portuguese,16th,brazilian,interior,john,hanning,speke,british,19th,eastern,africa,staden,german,16th,brazil,william,grant,stairs,canadian,19th,central,africa,henry,morton,stanley,british,19th,eastern,africa,marc,aurel,stein,central,asia,john,lloyd,stephens,american,19th,middle,mesoamerica,19th,australia,john,mcdouall,stuart,britishaustralian,19th,australian,interior,charles,sturt,british,19th,australian,interior,ignacije,szentmartony,croat,18th,amazon,river,name,nationality,century,main,explored,abel,tasman,dutch,17th,including,tasmania,tavernier,french,17th,india,pedro,teixeira,portuguese,17th,amazon,river,vaz,teixeira,portuguese,15th,madeira,islands,david,thompson,british,western,pacific,northwest,icelandic,north,america,harold,william,tilman,british,20th,patagonia,yermak,timofeyevich,16th,siberia,tenjiku,tokubei,japanese,17th,south,east,india,luis,torres,spanish,australasia,nuno,portuguese,15th,west,african,hasekura,tsunenaga,japanese,17th,europe,name,nationality,century,main,explored,urdaneta,spanish,16th,manila,galleon,route,v,name,nationality,century,main,explored,cayetano,spanish,18th,pacific,northwest,george,vancouver,british,18th,pacific,coast,north,pierre,gaultier,varennes,french,canadian,18th,western,canada,velho,portuguese,15th,azores,giovanni,verrazzano,italian,early,16th,east,coast,united,states,amerigo,vespucci,italian,eastern,south,american,caribbean,ruy,villalobos,spanish,16th,pacific,philippines,willem,vlamingh,17th,southwest,australian,coast,w,name,nationality,century,main,explored,waldeck,french,19th,mesoamerica,thomas,walker,british,18th,eastern,united,langdon,warner,american,early,20th,silk,road,harry,windt,french,eurasia,name,nationality,century,main,explored,john,young,british,18th,hawaii,sir,francis,younghusband,british,central,asia,yermak,timofeyevich,russian,16th,siberia,z,name,nationality,century,main,explored,zarco,portuguese,15th,madeira,islands,zhang,qian,chinese,2nd,bce,central,asia,xuanzang,chinese,7th,indian,central,asia,zheng,chinese,muslim,15th,south,southeast,middle,east,african,coast,footnotes,ancient,silk,road,travellers,part,three,persia,iraq,giovanni,cristoforo,hassanein,bey,new,south,southeastern,sir,paul,pacific,pacific,allegheny,cumberland,see,age,discovery,international,space,station,bandeirantes,conquistador,exploration,exploration,asia,list,maritime,explorers,radhanites,silk,road,spice,trade,trade,travel,literature,retrieved,explorers,exploration,lists,explorershidden,articles,unsourced,statements,articles,unsourced,statements,views,article,discussion,edit,page,history,personal,tools,log,create,account,navigation,main,page,contents,featured,content,current,events,random,article,search,interaction,wikipedia,community,portal,recent,changes,contact,wikipedia,donate,wikipedia,help,toolbox,links,related,changes,upload,file,special,pages,printable,version,permanent,linkcite,page,languages,bosanski,brezhoneg,deutsch,eesti,ido,italiano,limburgs,nederlands,suomi,svenska,page,last,modified,4,april,text,available,terms,gnu,free,documentation,copyrights,registered,trademark,wikimedia,registered,nonprofit,privacy,policy,wikipedia,disclaimers,