doc,savage,free,encyclopedia,skin,stylepath,wgarticlepath,wgscriptpath,wgscript,wgvariantarticlepath,wgactionpaths,wgserver,wgcanonicalnamespace,wgcanonicalspecialpagename,wgnamespacenumber,wgpagename,wgtitle,wgaction,wgarticleid,wgisarticle,wgusername,wgusergroups,wguserlanguage,wgcontentlanguage,wgbreakframes,wgcurrevisionid,wgversion,wgenableapi,wgenablewriteapi,wgseparatortransformtable,wgdigittransformtable,wgmwsuggesttemplate,wgdbname,wgsearchnamespaces,wgmwsuggestmessages,wgrestrictionedit,wgrestrictionmove,wikibits,js,site,js,doc,savage,free,encyclopedia,jump,search,doc,savage,doc,savage,magazine,publication,information,publisher,street,smith,first,appearance,1933,created,lester,dent,henry,ralston,john,nanovic,information,alter,ego,clark,jr,notable,aliases,bronze,abilities,peak,physical,abilities,scientist,doc,savage,fictional,one,many,pulp,heroes,thrived,pages,magazines,1930s,created,publisher,henry,ralston,editor,john,nanovic,street,smith,additional,material,contributed,main,lester,contents,1,overview,2,publication,history,3,radio,4,comic,books,golden,age,modern,age,5,motion,picture,6,cultural,references,7,footnotes,8,references,9,external,links,tocshowtext,tochidetext,overview,doc,savage,magazine,printed,street,smith,publications,march,1933,summer,181,issues,doc,savage,became,famously,known,bantam,books,began,reprinting,individual,novels,magazine,time,garish,covers,included,doc,savage,exaggerated,usually,wearing,torn,khaki,stories,reprinted,taken,chronological,order,published,great,chosen,begin,first,1967,bantam,published,one,month,1990,181,original,stories,unpublished,red,run,author,scholar,murray,produced,seven,doc,savage,novels,lester,original,outlines,bantam,four,novels,bantam,published,novel,philip,escape,loki,told,story,doc,would,become,five,world,doc,savage,appeared,comics,character,numerous,continues,inspire,authors,artists,realm,fantastic,doc,savage,magazine,created,street,smith,publications,executive,henry,ralston,editor,john,nanovic,capitalize,success,street,pulp,ralston,nanovic,wrote,short,premise,establishing,broad,outlines,character,doc,savage,fully,realized,author,chosen,write,lester,dent,wrote,181,original,hidden,behind,kenneth,basic,concept,trained,birth,fight,evil,philip,wylie,wrote,savage,whether,nanovic,ralston,inspired,writings,known,since,lester,dent,seems,begun,writing,bronze,november,1932,march,1933,publication,doc,real,name,clark,revealed,devil,team,scientists,assembled,father,deliberately,trained,mind,body,abilities,almost,giving,great,strength,photographic,mastery,martial,vast,knowledge,doc,master,disguise,excellent,imitator,rights,wrongs,punishes,dent,described,hero,mix,sherlock,deductive,outstanding,physical,craig,scientific,abraham,dent,described,doc,savage,manifesting,character,displayed,goes,let,strive,every,moment,life,make,better,best,may,profit,let,think,right,lend,assistance,need,regard,anything,let,take,comes,without,loss,let,considerate,fellow,citizens,associates,everything,say,let,right,wrong,office,86th,floor,new,york,city,implicitly,empire,state,reached,private,doc,owns,fleet,boats,stores,secret,hangar,hudson,name,hidalgo,trading,linked,office,system,sometimes,retreats,fortress,solitude,similar,hideout,paid,gold,central,american,given,local,mayans,first,doc,savage,assistants,learned,mayan,dialect,allowing,communicate,privately,others,might,early,stories,criminals,captured,doc,received,delicate,brain,cure,criminal,criminals,returned,society,fully,productive,unaware,criminal,referred,truman,cold,older,kansan,recalls,criminals,gadgets,described,series,became,including,flying,answering,automatic,night,vision,automatic,publication,history,see,list,doc,savage,novels,complete,james,covers,featuring,steve,holland,bronze,many,bantam,reprints,defined,character,generation,original,stories,reprinted,paperback,form,bantam,books,1960s,60,paperback,covers,painted,extraordinary,monochromatic,tones,detail,james,whose,updated,vision,doc,savage,exaggerated,peak,least,essence,doc,savage,first,96,paperbacks,reprinted,one,original,novels,actor,model,steve,holland,played,flash,gordon,1953,television,series,model,doc,next,15,paperbacks,reprinting,two,novels,actually,shorter,novellas,written,paper,shortages,world,last,original,novels,reprinted,numbered,series,13,volumes,four,five,stories,one,pulp,series,completely,reprinted,paperback,red,spider,doc,savage,novel,written,dent,april,cold,soviet,story,killed,1948,new,editor,daisy,though,previous,editor,william,grouchy,commissioned,forgotten,doc,savage,scholar,murray,found,hints,manuscript,located,among,finally,saw,print,july,1979,number,95,doc,savage,philip,farmer,wrote,book,doc,apocalyptic,summarized,series,idea,doc,actually,existed,novels,chronicled,nostalgia,ventures,began,new,series,doc,reprints,november,featuring,two,novels,several,editions,came,choice,original,pulp,style,modern,include,new,essays,introductions,radio,two,doc,savage,radio,series,broadcast,pulp,serial,ran,26,1943,series,based,pulps,comic,book,version,audio,exists,either,although,scripts,national,public,radio,aired,adventures,doc,13,based,pulps,adapted,murray,roger,see,list,doc,savage,radio,episodes,complete,comic,books,golden,age,doug,cover,doc,bronze,shows,doc,cross,bama,paperback,design,pulp,street,smith,published,comic,book,stories,doc,shadow,comic,started,shadow,comics,v1,moved,doc,savage,stories,based,pulp,doc,savage,comics,v1,turned,genuine,superhero,crashed,tibet,found,mystical,gem,stories,doc,bore,little,resemblance,character,lasted,doc,savage,comics,1943,20,briefly,return,shadow,comics,v3,apparently,dropped,second,would,last,shadow,v9,appear,every,issue,appeared,least,one,issue,supersnipe,comics,june,modern,age,several,doc,savage,comic,gold,key,one,adapts,marvel,eight,standard,color,comics,four,adaptations,books,brand,death,monsters,one,movie,eight,magazines,published,marvel,imprint,curtis,magazines,movie,original,stories,doug,moench,tony,dezuniga,realistic,dc,miniseries,24,issues,one,written,mike,original,including,reunion,mayan,monya,john,adventures,grandson,back,story,parents,included,crossover,current,run,millennium,published,several,including,doc,monarch,limited,series,1991,written,novelist,mark,ellis,penciled,green,lantern,artist,darryl,comics,guide,catalog,comic,books,refers,treatment,one,closest,capturing,humor,original,miniseries,pat,woman,manual,dark,horse,two,miniseries,shadow,doc,four,issue,curse,fire,motion,picture,cast,doc,bronze,ron,ely,doc,savage,left,eldon,quick,darrell,zwerling,william,lucking,michael,miller,paul,gleason,long,tom,tv,guide,ran,article,claiming,talks,underway,chuck,rifleman,play,doc,savage,possible,television,nothing,came,particular,producer,director,george,pal,produce,doc,savage,doc,bronze,starred,ron,ely,doc,movie,critical,failure,poorly,several,later,interview,george,pal,documented,failure,much,loss,funding,filming,studio,changed,heads,pal,forced,cut,costs,wherever,generally,blamed,campy,original,soundtrack,pal,lost,resorted,patriotic,march,john,philip,sousa,public,science,fiction,philip,jose,farmer,tried,get,another,movie,nothing,came,announcement,another,doc,savage,feature,arnold,several,schwarzenegger,projects,rock,epic,shelved,schwarzenegger,ran,governor,state,according,batman,producer,michael,new,doc,savage,film,set,hopefully,uslan,delivered,news,cultural,references,doc,savage,brain,modification,technique,suggested,possible,outcome,trial,truman,book,cold,philip,sexually,explicit,feast,unknown,nature,called,lord,confronts,urban,counterpart,younger,called,doc,brooks,mayfair,appear,continues,novels,mad,goblin,lord,concluding,story,series,yet,book,doc,apocalyptic,farmer,lays,key,role,fictional,wold,newton,linking,doc,tarzan,numerous,fictional,heroes,villains,popular,classical,farmer,theorizes,doc,grandson,wolf,master,novel,jack,doc,savage,influenced,creation,development,fictional,including,james,buckaroo,doc,savage,makes,cameo,appearance,roger,zelazny,novel,original,rocketeer,comic,book,handsome,scientist,bears,uncanny,resemblance,doc,inventor,cliff,rocket,novelization,rocketeer,movie,peter,characters,speculate,perhaps,doc,savage,invented,rocketpack,boys,due,however,rocketeer,inventor,changed,doc,howard,doc,savage,mentioned,michael,pulitzer,2001,book,amazing,adventures,kavalier,lester,writer,doc,protagonist,chinatown,death,cloud,2007,novel,paul,footnotes,rich,experiments,raising,perfect,deserted,henry,stone,grows,splendid,bronze,specimen,code,honor,feats,among,ancient,aztec,among,philip,wylie,doc,micah,retrieved,development,retrieved,references,doc,savage,organized,doc,savage,information,doc,supreme,adventurer,86th,floor,doc,savage,page,pdf,1987,article,lester,dent,external,links,doc,savage,internet,movie,database,hermes,reviews,182,books,reviewed,paul,doc,savage,images,doc,bronze,internet,movie,database,doc,savage,wiki,anthony,doc,savage,reprints,retrieved,characters,pulp,fiction,dc,comics,titles,doc,savage,doc,savage,characters,fictional,detectives,fictional,scientists,film,characters,golden,age,superheroes,gold,key,comics,titles,marvel,comics,titles,pulp,magazines,series,books,street,smith,1930s,american,radio,programs,1940s,american,radio,programs,1980s,american,radio,programshidden,redundant,infobox,title,param,character,pop,converting,comics,character,infoboxes,views,article,discussion,edit,page,history,personal,tools,log,create,account,navigation,main,page,contents,featured,content,current,events,random,article,search,interaction,wikipedia,community,portal,recent,changes,contact,wikipedia,donate,wikipedia,help,toolbox,links,related,changes,upload,file,special,pages,printable,version,permanent,linkcite,page,languages,deutsch,italiano,page,last,modified,10,april,text,available,terms,gnu,free,documentation,copyrights,registered,trademark,wikimedia,registered,nonprofit,privacy,policy,wikipedia,disclaimers,