unisex,name,free,encyclopedia,skin,stylepath,wgarticlepath,wgscriptpath,wgscript,wgvariantarticlepath,wgactionpaths,wgserver,wgcanonicalnamespace,wgcanonicalspecialpagename,wgnamespacenumber,wgpagename,wgtitle,wgaction,wgarticleid,wgisarticle,wgusername,wgusergroups,wguserlanguage,wgcontentlanguage,wgbreakframes,wgcurrevisionid,wgversion,wgenableapi,wgenablewriteapi,wgseparatortransformtable,wgdigittransformtable,wgmwsuggesttemplate,wgdbname,wgsearchnamespaces,wgmwsuggestmessages,wgrestrictionedit,wgrestrictionmove,wikibits,js,site,js,unisex,name,free,encyclopedia,jump,search,article,cite,references,please,help,improve,article,adding,citations,reliable,sources,using,inline,unsourced,material,may,challenged,article,may,contain,original,research,unverified,please,improve,article,adding,see,talk,page,article,may,require,tone,assist,editing,guide,unisex,known,epicene,given,name,often,given,either,boy,require,given,name,german,list,cover,names,cultures,names,often,gender,common,many,african,tribes,unisex,cultures,use,names,derived,amish,many,cultures,unisex,names,often,nicknames,used,given,alex,alex,considered,shortening,alexander,masculine,feminine,chris,considered,shortening,christopher,christian,masculine,christina,christine,names,predominantly,used,masculine,given,names,primarily,feminine,given,including,sometimes,modern,adoption,predominantly,masculine,given,name,follows,use,actress,drew,daryl,fictional,character,unisex,names,pronounced,genders,spelled,one,common,example,final,masculine,form,terry,jerry,tony,johnny,billy,others,less,regular,spelling,variations,robin,sidney,lee,many,spelling,used,predominantly,masculine,name,altered,create,feminine,feminine,variation,becomes,sufficiently,use,masculine,variation,may,ultimately,name,may,deemed,feminine,names,vary,gender,country,country,language,feminine,normally,masculine,dutch,normally,feminine,rest,normally,feminine,english,masculine,normally,masculine,english,feminine,french,masculine,form,different,parents,may,adopt,unusual,name,children,opposite,unisex,names,source,julia,sexually,ambiguous,character,saturday,night,running,joke,tv,show,scrubs,almost,every,woman,sleeps,unisex,sex,baby,jamie,malcolm,middle,purposely,kept,ambiguous,first,introduced,fourth,season,leading,speculation,would,remain,sex,revealed,first,episode,season,many,indian,names,become,unisex,written,latin,characters,limitations,spellings,chandra,transliterations,masculine,feminine,versions,indian,final,names,different,letters,different,seen,someone,unfamiliar,indian,become,gender,indian,exclusively,nearly,exclusively,masculine,assumed,feminine,anglophone,many,unisex,names,india,obvious,never,instance,nehal,used,commonly,name,baby,boys,girls,western,state,india,namely,sikh,first,names,sukhjinder,harjeet,unisex,names,equally,commonly,given,either,contents,1,statistical,data,2,list,names,unisex,b,f,g,h,k,p,q,r,v,w,z,3,see,4,references,5,external,links,tocshowtext,tochidetext,statistical,data,examples,perspective,article,deal,primarily,united,states,represent,worldwide,view,please,improve,article,discuss,issue,talk,within,united,analyzing,data,released,1990,census,census,given,name,kris,statistically,likely,used,either,among,names,closest,gender,neutral,include,following,order,slightly,feminine,slightly,note,data,based,large,national,sampling,excludes,rare,well,considering,minor,alternative,see,references,data,gathering,index,b,f,g,h,k,p,r,v,list,names,unisex,inclusion,name,must,originated,unisex,name,multiple,origins,masculine,feminine,name,used,significantly,point,past,present,name,males,females,used,nickname,masculine,feminine,names,otherwise,significant,historical,context,unisex,name,abby,nickname,abigail,abra,abraham,abbott,latter,abbie,abi,adaire,addy,adi,addison,used,given,name,males,afon,afton,given,river,used,ailin,female,name,gaelic,male,name,see,ainsley,akira,masculine,multiple,alana,latin,feminine,form,unisex,name,alana,garza,alex,alexander,alexandra,ali,short,alistair,alexander,alicia,variants,alison,alexandra,ally,alice,originally,feminine,chiefly,feminine,used,past,701st,popular,name,boys,born,united,states,see,alice,vincent,alfa,alva,masculine,two,separate,amal,amanda,amandeep,masculine,unisex,anah,unisex,anan,unisex,ananda,anat,andrea,languages,feminine,andria,andy,short,andrew,andrea,andie,angel,considered,masculine,regions,feminine,regions,ani,japanese,nickname,various,masculine,feminine,names,containing,annie,masculine,regions,especially,formerly,masculine,common,arden,used,given,name,arie,common,arly,artemis,artemis,artemus,asa,ash,name,nickname,various,names,beginning,ashleigh,united,states,predominantly,masculine,1960s,usually,masculine,united,ashlee,ashley,parker,ashtyn,eja,asuka,aubrey,audie,audrey,masculine,feminine,names,beginning,used,given,audie,aude,august,augustine,masculine,form,roman,name,feminine,form,french,name,autumn,common,averill,used,given,name,avery,common,b,barbu,romanian,masculine,barry,barrie,benny,bennie,nickname,benjamin,benjamina,benjamine,bo,bo,born,mary,cathleen,little,bo,always,masculine,finnish,norwegian,brandon,used,given,name,generally,brittany,used,given,name,generally,considered,feminine,current,britney,brody,generally,masculine,given,brodie,buddhi,bobby,generally,nickname,robert,bobbi,kristina,bobbi,bobby,billy,billie,latter,common,billie,jean,billie,billie,bailey,used,given,name,bay,bela,masculine,name,bela,lugosi,nickname,spanish,portuguese,isabela,bernie,nickname,bernard,bernadette,bertie,nickname,robert,nickname,bertie,bert,beverly,used,given,name,beverley,bevin,bevan,feminine,masculine,names,used,interchangeably,blaine,used,given,name,common,blair,used,given,name,blair,blair,fictional,character,gx,blaire,blaise,blake,american,idol,common,blue,blu,blythe,used,given,name,bora,turkish,feminine,masculine,several,slavic,languages,diminutive,names,velibor,bora,first,name,bradley,used,given,name,generally,bradley,brad,brett,considered,male,formerly,female,first,lady,brett,ashley,sun,comedian,brett,butler,brett,bryer,brice,bryce,bryce,dallas,britt,brit,britton,used,given,name,briton,brooke,brynne,brin,kayden,kalen,girl,camden,spelled,cameron,often,spelled,camryn,kamryn,cameron,camille,carey,cary,carol,usually,masculine,forms,carol,romanian,karol,carmen,carmine,carmina,carmine,casey,cassidy,kassidy,ceceil,chance,chanda,chandler,chandra,masculine,final,pronounced,one,way,feminine,final,pronounced,another,charlie,charley,charles,charlotte,chase,common,chris,informal,diminutive,christina,masculine,formal,christian,cristian,christin,christy,christopher,christian,christina,christine,christy,ciar,ciara,like,ciaran,masculine,name,common,claude,spelling,common,connie,often,diminutive,diminutive,connie,diminutive,connie,mack,connie,cory,corey,corey,cory,courtney,kourtnay,common,courtney,courtney,courtney,dagmar,generally,feminine,dale,dale,earnhardt,dallas,dana,dana,dana,common,versions,daniel,danielle,still,largely,spellings,generally,dara,original,spelling,darragh,always,spelled,darby,darcy,darryl,daryl,daryl,delaney,deniz,presumably,popular,unisex,destiny,used,spelled,destinee,dimuthu,sri,dominique,common,dominique,dorien,female,pronounces,dorian,male,dorian,doron,became,unisex,drew,became,unisex,primarily,fame,drew,common,dylan,common,edem,probably,common,name,among,ewe,effie,eirian,common,name,elisha,biblical,hebrew,masculine,full,first,name,eli,short,form,elizabeth,variant,spelling,elisha,eli,emerson,used,male,given,since,2003,rapidly,becoming,common,girls,analogy,enda,many,famous,examples,erin,eryl,evelyn,masculine,evelyn,eddie,common,f,fran,francis,fran,frankie,frankie,foster,animated,show,home,imaginary,frankie,muniz,malcolm,middle,fred,frederick,winnifred,frederica,masculine,given,froseen,meaning,freddie,g,hungarian,gabriel,gabriela,gal,gene,eugene,eugenia,george,george,rarely,georgie,georgie,gerd,masculine,name,gerhard,gerd,feminine,nordic,gerry,gerald,geraldine,glen,glenn,glenn,glenn,beck,glen,graham,uses,rare,name,pronounced,way,guguli,h,haley,joel,hayley,hayley,williams,paramore,hannah,harper,harley,harley,fictional,character,batman,comic,books,television,whose,name,play,female,harriet,harry,harriet,tubman,japanese,shortened,haru,usually,japanese,haruka,haruka,shimotsuki,german,name,hayden,hayden,panettiere,common,hester,hikaru,masculine,variant,hikari,feminine,hilary,hillary,rodham,clinton,hunter,hunter,tylo,iman,arabic,speaking,masculine,persian,inge,masculine,ira,izumi,izzy,feminine,names,masculine,short,last,name,beginning,louis,cardinals,closer,jason,isringhausen,current,wfaa,cynthia,izaguirre,often,known,jackie,jack,jade,common,james,feminine,case,james,masculine,short,james,jamesina,jamie,generally,used,mean,may,used,independently,feminine,form,variant,spellings,jaime,jamey,usually,feminine,jaime,differently,popular,masculine,form,latin,jan,masculine,dutch,languages,pronounced,jana,jane,masculine,pronounced,differently,two,janne,dutch,feminine,norwegian,danish,jasmin,germanic,masculine,slavic,jay,jean,feminine,english,pronounced,differently,french,english,jelle,common,short,jeremy,james,jemima,variant,spelling,jeri,usually,one,exception,jerry,hall,jess,jesse,jessica,jesse,hebrew,king,jessie,short,jessica,joseph,josiah,joelle,first,spelling,last,two,spellings,joan,catalan,pronounced,two,feminine,english,pronounced,one,joseph,judith,jody,jodie,jomcy,name,coming,original,place,jordan,country,jordin,jordan,pruitt,usually,joyce,joyce,kilmer,joyce,jude,judas,judah,short,judith,common,males,jude,judy,masculine,occasion,judy,jules,jun,k,kai,masculine,germany,mainly,feminine,kaiden,kamal,kaoru,masculine,variant,kaori,feminine,karan,united,mainly,masculine,karen,feminine,english,speaking,kari,feminine,many,european,kasey,kacey,kay,kasuni,lankan,kasumi,kazumi,keegan,kellyn,kellie,masculine,feminine,first,two,spellings,including,likely,kelsie,kendal,kendall,kent,kent,kent,kenya,first,spelling,variations,kerri,keri,usually,spelled,well,keshet,males,females,scandinavia,short,kimberlie,kimmi,kirby,kit,christopher,krys,kyle,spelling,usually,feminine,rare,lane,usually,often,spelled,loren,loren,roberts,laurence,masculine,feminine,french,taylor,common,females,laverne,common,feminine,spelling,usually,masculine,leigh,common,spelling,leigh,common,masculine,lee,common,feminine,spelling,leni,short,leslie,lester,lesley,feminine,masculine,name,leslie,leslie,often,used,common,famous,males,name,lindsey,lindsay,lindsey,nelson,lex,lexy,form,alexander,first,likely,others,female,lior,logan,often,used,males,sometimes,lou,louis,louise,louis,louie,loui,females,louis,armstrong,loui,lonnie,various,masculine,feminine,used,given,name,lovie,lovie,luka,lynn,lynn,lynn,lyn,nofziger,first,name,nolan,lynn,lynn,larry,mackenzie,madison,always,usually,spelt,maddison,mallory,mandy,short,amanda,masculine,short,emmanuel,maria,alphonse,maria,czechoslovakian,common,particularly,united,marion,birth,name,john,marion,marion,davies,marion,jones,occasionally,spelled,marlo,females,marlowe,masami,max,short,maximilian,maxwell,maxine,mavis,short,medwin,mediterranean,short,melvin,meredith,common,meredith,merle,mickey,micky,michael,usually,sometimes,feminine,michael,michael,musician,michael,mika,mischa,russian,mikhail,michel,males,michelle,females,michele,males,short,maureen,males,usually,short,maurice,moses,montana,morgan,morgan,morgan,morgan,morgan,mattie,spelling,spellings,unisex,pet,forms,matthew,matilda,although,spelling,common,spelling,common,males,naseem,nikki,nicolas,italian,feminine,english,nidhi,nihad,nikita,russian,feminine,alternate,spelling,name,typically,common,amongst,nino,feminine,noah,noa,noa,founder,english,variant,name,noel,often,masculine,noel,noel,variant,spelling,common,nour,noor,unisex,arabic,nozomi,frequently,feminine,widely,used,gujarati,nukri,olive,meaning,either,olivia,oliver,p,used,given,name,page,aka,diamond,dallas,paige,paris,prince,paris,paris,katerine,daughter,michael,parker,pat,short,patrick,patricia,androgynous,nickname,popularized,unisex,united,states,television,show,saturday,night,live,character,undetermined,american,name,patty,dimunitive,paddy,patty,diminutive,patrick,patrick,patrice,common,feminine,english,masculine,french,peyton,former,tends,preferred,boys,latter,either,could,used,either,peyton,manning,paityn,sawyer,one,tree,pearl,common,formerly,used,original,first,name,american,novelist,zane,russian,feminine,phoenix,common,piper,praxedes,saint,case,mateo,pubudu,lankan,given,q,quinn,used,given,name,qudrat,queso,r,randy,feminine,norwegian,danish,randolph,raye,raymond,short,feminine,form,rea,rey,fictional,character,regis,form,form,french,reza,iranian,feminine,nickname,reese,become,generally,feminine,respelling,reese,richard,eric,frederika,reilly,robin,spelling,robyn,usually,sometimes,robin,robyn,robin,roni,ronni,hebrew,masculine,feminine,ronnie,ronny,ronald,veronica,ronald,weasley,rocky,rory,gaelic,ruadhridh,scottish,short,lorelai,aurora,rori,males,usually,short,roosevelt,common,females,short,names,rowan,form,irish,feminine,rowan,botanical,separate,etymology,masculine,name,derived,ryan,murphy,ryan,taylor,ryou,written,kanji,rarely,masculine,saige,sally,sarah,sally,ride,salvador,versions,samuel,samson,samantha,generally,sami,nickname,samantha,english,masculine,sandy,nickname,sanford,alexander,nickname,sandy,cyrillic,languages,short,alexander,serbian,croatian,languages,unisex,full,legal,first,satchel,satish,sava,sawyer,rarely,areas,western,selby,shai,mostly,feminine,shannon,shannon,shannon,shannon,shane,commonly,shane,battier,basketball,shane,richie,actor,tv,shane,warne,shane,williams,rugby,female,shane,gould,shane,mccutcheon,character,sharon,shawn,shawn,female,shawn,shell,shel,shel,shelby,primarily,shelby,shelby,sportscaster,shelby,author,academic,shelby,shelley,shelley,shelley,shinobu,shirley,usually,shirley,usually,masculine,usually,exceptions,sidney,spencer,simcha,simone,feminine,german,pronounced,feminine,english,french,pronounced,schuyler,sky,skye,stacie,common,stacy,stacey,stanley,stanley,ann,stanley,armour,stevie,stevie,stevie,lake,show,saddle,club,common,tabassum,masculine,feminine,chinese,unisex,hebrew,tanner,common,tate,taylor,taylor,taylor,teagan,short,terrell,tari,short,timothy,timberly,popular,male,hundreds,namesakes,sweden,half,1960s,television,show,thunderbirds,subsequent,movie,featured,female,character,toby,spelling,usually,often,feminine,toby,country,masculine,wrestler,tomomi,feminine,tomomi,kahala,variant,spelling,toni,usually,short,finland,toni,tory,tori,short,victor,torrance,victoria,tori,spelling,tori,torii,hunter,tracy,form,thracius,short,tracie,japanese,typically,written,used,female,usually,written,hiragana,traditionally,sometimes,used,girls,mostly,used,girls,sometimes,tyler,collins,v,val,kilmer,valli,valery,valerie,masculine,except,france,giscard,vanja,unisex,full,legal,first,name,serbia,presumably,montenegro,pronounced,roughly,stress,first,single,letter,croatian,latin,alphabet,representing,voiced,nasal,palatal,consonant,corresponding,nje,serbian,cyrillic,alphabet,name,spelled,feminine,vanja,tv,masculine,vanja,nickname,masculine,name,ivan,uncle,sweden,become,feminine,name,due,vivian,commonly,considered,male,examples,include,vivian,character,1980s,british,comedy,television,program,young,vivian,vladimir,acronym,viv,anderson,first,name,first,black,footballer,ever,play,full,international,vic,victoria,w,wallis,whitney,whitney,whitney,william,wilhelmina,slater,ugly,willie,winter,wisam,wisdom,wylie,wando,wendy,nickname,wendell,whi,yarden,yuki,yuuki,different,name,yuri,portuguese,feminine,youval,z,zane,zara,zion,zohar,zooey,franny,feminine,case,actress,zooey,see,epicene,unisex,references,sikh,names,sikh,meanings,pronunciation,behind,name,ashley,external,links,1990,census,name,files,behind,name,unisex,names,masculine,feminine,names,database,unisex,retrieved,given,names,gender,language,sociolinguisticshidden,articles,lacking,sources,november,2007,articles,lacking,sources,articles,may,contain,original,research,since,july,2008,articles,may,contain,original,research,wikipedia,articles,needing,copy,edit,november,2008,articles,needing,copy,edit,articles,limited,geographic,scope,views,article,discussion,edit,page,history,personal,tools,log,create,account,navigation,main,page,contents,featured,content,current,events,random,article,search,interaction,wikipedia,community,portal,recent,changes,contact,wikipedia,donate,wikipedia,help,toolbox,links,related,changes,upload,file,special,pages,printable,version,permanent,linkcite,page,languages,suomi,page,last,modified,25,april,text,available,terms,gnu,free,documentation,copyrights,registered,trademark,wikimedia,registered,nonprofit,privacy,policy,wikipedia,disclaimers,