jack,kirby,free,encyclopedia,skin,stylepath,wgarticlepath,wgscriptpath,wgscript,wgvariantarticlepath,wgactionpaths,wgserver,wgcanonicalnamespace,wgcanonicalspecialpagename,wgnamespacenumber,wgpagename,wgtitle,wgaction,wgarticleid,wgisarticle,wgusername,wgusergroups,wguserlanguage,wgcontentlanguage,wgbreakframes,wgcurrevisionid,wgversion,wgenableapi,wgenablewriteapi,wgseparatortransformtable,wgdigittransformtable,wgmwsuggesttemplate,wgdbname,wgsearchnamespaces,wgmwsuggestmessages,wgrestrictionedit,wgrestrictionmove,wikibits,js,site,js,jack,kirby,free,encyclopedia,jump,search,australian,rules,see,jack,kirby,jack,kirby,jack,kirby,birth,name,jacob,kurtzberg,born,august,new,york,new,united,states,died,february,1994,thousand,united,states,nationality,american,editor,jack,curtiss,curt,davis,ted,grey,notable,works,captain,fantastic,fourth,world,awards,alley,award,best,pencil,artist,plus,many,awards,individual,stories,shazam,award,special,achievement,individual,jacob,kurtzberg,1917,february,better,known,pen,name,jack,american,comic,book,writer,growing,poor,new,york,kurtzberg,entered,nascent,comics,industry,drew,various,comic,strips,different,ultimately,settling,jack,kirby,writer,joe,simon,created,highly,successful,superhero,character,captain,america,timely,kirby,would,create,number,comics,various,often,teamed,serving,world,kirby,returned,comics,worked,variety,contributed,number,including,archie,comics,dc,ultimately,found,1950s,atlas,together,stan,lee,became,marvel,kirby,1960s,created,many,major,including,fantastic,despite,high,sales,critical,acclaim,kirby,felt,treated,left,company,1970,rival,dc,working,kirby,created,fourth,world,spanned,several,comics,titles,proved,commercially,unsuccessful,several,characters,fourth,world,mythos,continued,significant,part,dc,comics,kirby,returned,marvel,briefly,late,ventured,television,animation,independent,later,kirby,received,great,recognition,career,regarded,historians,fans,one,major,innovators,influential,creators,contents,1,biography,early,life,entry,comics,partnership,joe,simon,marriage,world,ii,postwar,career,simon,marvel,comics,silver,age,dc,comics,fourth,world,saga,return,marvel,film,animation,final,years,death,2,legacy,3,awards,honors,4,bibliography,5,notes,6,references,7,external,links,tocshowtext,tochidetext,biography,early,life,kirby,born,august,1917,new,york,father,austrian,jewish,immigrant,earned,living,growing,suffolk,kirby,often,involved,street,fights,later,said,became,second,began,like,youth,kirby,desired,escape,liked,draw,sought,places,could,learn,essentially,kirby,cited,among,influences,comic,strip,artists,milton,hal,alex,well,editorial,cartoonists,rollin,rejected,educational,alliance,fast,according,later,found,outlet,skills,drawing,cartoons,newspaper,boys,brotherhood,east,3rd,street,street,kids,ran,kirby,enrolled,pratt,institute,said,age,leaving,kind,student,pratt,looking,wanted,people,would,work,something,work,project,intended,get,things,entry,comics,captain,america,comics,cover,art,kirby,joe,kirby,joined,lincoln,newspaper,syndicate,working,newspaper,comic,strips,advice,cartoons,health,comes,pseudonym,remained,late,worked,movie,animation,company,fleischer,studios,artist,fills,action,popeye,went,lincoln,fleischer,get,hurry,take,kind,describing,factory,like,manufacturing,around,american,comic,book,industry,kirby,began,writing,drawing,packager,eisner,one,handful,firms,creating,comics,demand,kirby,remembers,first,comic,book,wild,boy,included,strips,science,fiction,adventure,diary,hayward,pseudonym,western,crimefighter,strip,wilton,west,swashbuckler,strip,count,monte,cristo,humor,strips,abdul,jones,socko,seadog,variously,jumbo,comics,ultimately,settled,pen,name,jack,kirby,reminded,actor,james,took,offense,suggested,changed,name,order,hide,jewish,summer,kirby,family,moved,kirby,rosalind,lived,apartment,pair,began,dating,soon,kirby,proposed,goldstein,eighteenth,two,became,partnership,joe,simon,kirby,moved,publisher,newspaper,syndicator,fox,feature,earning,week,began,exploring,superhero,narrative,comic,strip,blue,beetle,starring,character,created,pseudonymous,charles,house,name,kirby,retained,kirby,began,collaborating,cartoonist,fox,editor,joe,addition,staff,work,continued,simon,recalled,loved,work,first,time,saw,believe,asked,could,freelance,work,delighted,took,little,worked,second,issue,blue,leaving,fox,landing,pulp,magazine,publisher,martin,timely,comics,future,marvel,created,patriotic,superhero,captain,america,late,simon,cut,deal,goodman,gave,kirby,15,percent,profits,strip,well,salaried,positions,editor,art,first,issue,captain,america,released,early,sold,second,print,run,set,million,success,established,team,notable,creative,force,first,issue,simon,asked,kirby,join,timely,staff,art,despite,success,captain,america,simon,felt,goodman,paying,pair,promised,percentage,sought,work,two,national,comics,named,dc,kirby,simon,negotiated,deal,would,pay,combined,opposed,respectively,earned,fearing,goodman,would,pay,found,moving,pair,kept,deal,secret,continued,producing,work,eventually,staff,timely,relatives,found,kirby,simon,left,completed,work,captain,america,kirby,simon,spent,first,weeks,national,trying,characters,company,attempted,find,use,failed,ghosting,jack,liebowitz,told,since,paid,pair,revamped,sandman,strip,adventure,comics,created,superhero,july,1942,began,boy,commandos,ongoing,boy,commandos,launched,later,sold,million,copies,becoming,third,marriage,world,ii,kirby,married,roz,goldstein,may,year,changed,name,legally,jacob,kurtzberg,jack,world,ii,liebowitz,expected,simon,kirby,would,asked,artists,create,inventory,material,published,pair,hired,colorists,order,create,worth,kirby,drafted,army,june,basic,training,camp,near,assigned,company,f,11th,landed,omaha,beach,normandy,august,months,though,reminiscences,would,place,arrival,10,days,kirby,recalled,learning,comics,artist,kirby,made,scout,would,advance,towns,draw,reconnaissance,maps,kirby,wife,corresponded,regularly,roz,sending,letter,worked,lingerie,shop,lived,winter,kirby,suffered,severe,frostbite,lower,extremities,taken,hospital,doctors,considered,amputating,eventually,recovered,returned,united,states,january,assigned,camp,butner,north,spent,last,six,months,service,part,motor,kirby,honorably,discharged,private,first,class,july,received,combat,infantry,badge,eastern,theater,ribbon,bronze,battle,postwar,career,young,romance,cover,art,kirby,returning,first,born,december,simon,arranged,work,kirby,harvey,early,simon,kirby,created,titles,adventure,boy,explorers,western,superhero,comics,vogue,fad,captain,duo,additionally,freelanced,hillman,periodicals,crime,fiction,comic,real,clue,crestwood,publications,traps,kirby,simon,found,success,postwar,period,creating,romance,inspired,macfadden,magazine,true,transplanted,idea,comic,books,kirby,created,young,showing,crestwood,general,manager,maurice,simon,asked,crestwood,publishers,teddy,epstein,mike,bleier,stipulating,creators,would,take,money,young,romance,jack,biggest,hit,pioneering,title,sold,staggering,print,inspiring,crestwood,increase,print,run,third,issue,triple,initial,number,initially,published,young,romance,quickly,became,monthly,title,produced,young,love,together,two,titles,sold,two,million,copies,according,later,joined,young,brides,latter,romance,young,romance,spawned,dozens,imitators,publishers,fox,features,despite,simon,kirby,romance,titles,continued,sell,millions,copies,allowed,kirby,buy,house,family,long,second,born,may,third,born,november,order,support,kirby,worked,assisted,deal,simon,arranged,pair,gave,50,percent,profits,bitter,atlas,comics,relaunched,captain,america,new,kirby,simon,created,fighting,simon,thought,show,captain,comic,book,initially,portrayed,protagonist,aftermath,hearings,simon,kirby,turned,simon,sky,masters,kirby,wally,urging,kirby,simon,launched,comics,mainline,titles,included,western,police,duo,rearranged,republished,artwork,old,crestwood,story,crestwood,refused,pay,simon,reviewing,stated,company,owed,past,seven,crestwood,paid,addition,recent,delayed,partnership,kirby,simon,become,simon,left,industry,career,kirby,continued,instrumental,creation,archie,fly,double,life,private,reuniting,briefly,joe,drew,issues,classics,dc,known,national,kirby,writers,dick,dave,wood,adventuring,quartet,challengers,unknown,showcase,contributing,anthologies,house,30,months,kirby,drew,slightly,600,included,11,green,arrow,stories,finest,comics,adventure,comics,kirby,inked,kirby,recast,archer,moving,away,process,alienating,green,arrow,mort,began,drawing,newspaper,comic,sky,masters,space,written,wood,brothers,initially,inked,unrelated,wally,kirby,left,national,comics,due,largely,contractual,dispute,editor,jack,involved,getting,kirby,wood,brothers,sky,masters,claimed,due,royalties,share,schiff,successfully,sued,dc,editors,criticized,art,drawing,shoelaces,showing,native,american,horse,wrong,marvel,comics,silver,age,one,iconic,avengers,art,kirby,george,kirby,returned,work,stan,lee,cusp,evolution,1950s,incarnation,atlas,comics,timely,become,inker,frank,giacoia,approached,lee,informed,atlas,artists,inked,suggested,could,kirby,back,pencil,kirby,still,working,challengers,searching,work,little,continuing,dc,titles,house,mystery,house,kirby,drew,occasional,stories,including,lone,black,rider,manchu,yellow,kirby,began,working,poor,page,kirby,spend,12,14,hours,drawing,table,producing,eight,ten,pages,artwork,first,published,work,atlas,cover,story,discovered,secret,flying,strange,worlds,initially,christopher,rule,regular,later,dick,kirby,drew,across,romance,crime,stories,made,mark,primarily,series,science,fiction,stories,featuring,monsters,names,like,thing,planet,king,fin,fang,foom,many,anthology,amazing,strange,tales,tales,world,bizarre,designs,unearthly,creatures,proved,hit,marvel,kirby,began,working,superhero,comics,beginning,fantastic,four,landmark,series,became,hit,revolutionized,industry,comparative,naturalism,cosmic,purview,informed,seemingly,boundless,imagination,one,coincidentally,youth,culture,almost,kirby,provided,house,stan,lee,many,marvel,characters,designing,visual,often,provided,artists,would,pencil,order,become,acquainted,marvel,artist,gil,kane,single,influential,figure,turnaround,fortunes,time,rejoined,company,merely,jack,conceived,characters,point,view,philosophy,drawing,became,governing,philosophy,entire,publishing,company,beyond,publishing,entire,field,jack,would,get,artists,taught,amounted,learning,jack,jack,like,holy,scripture,simply,follow,without,told,taught,everyone,reconcile,opposing,attitudes,one,single,master,point,highlights,besides,fantastic,four,include,iron,original,silver,doctor,ego,living,inhumans,hidden,city,black,panther,first,known,black,superhero,african,nation,simon,captain,america,incorporated,continuity,kirby,approving,partially,remaking,character,time,regretting,death,1968,joe,simon,involved,litigation,marvel,comics,ownership,captain,initiated,marvel,simon,registered,copyright,renewal,captain,america,according,kirby,agreed,support,company,litigation,part,deal,kirby,made,publisher,martin,signed,marvel,rights,might,kirby,continued,expand,devising,covers,developing,new,drawing,techniques,method,depicting,energy,fields,known,yet,grew,increasingly,dissatisfied,working,number,reasons,given,including,resentment,stan,increasing,media,lack,full,creative,anger,breaches,perceived,promises,publisher,martin,frustration,failure,credit,specifically,story,plotting,character,creations,began,script,draw,secondary,features,amazing,adventures,horror,stories,anthology,title,chamber,received,full,credit,eventually,left,company,1970,rival,dc,editorial,director,carmine,dc,comics,fourth,world,saga,new,gods,cover,art,kirby,kirby,spent,nearly,two,years,negotiating,deal,move,dc,kirby,returned,dc,late,signing,contract,option,two,additional,produced,series,titles,blanket,sobriquet,fourth,including,trilogy,new,new,mister,forever,well,superman,pal,jimmy,kirby,picked,latter,book,series,without,stable,creative,team,cost,anyone,central,villain,fourth,world,fourth,world,appeared,jimmy,olsen,launch,fourth,world,giving,new,titles,greater,exposure,potential,kirby,later,produced,dc,titles,together,former,partner,joe,simon,one,last,new,incarnation,return,marvel,kirby,returned,marvel,comics,wrote,drew,captain,america,created,series,featured,race,inscrutable,alien,whose,intervention,influenced,evolution,life,marvel,creations,period,include,devil,machine,adaptation,expansion,movie,space,odyssey,well,abortive,attempt,classic,television,wrote,drew,black,panther,numerous,covers,across,film,animation,still,dissatisfied,treatment,refusal,provide,health,employment,kirby,left,marvel,work,designs,turbo,thundarr,barbarian,animated,television,worked,fantastic,four,cartoon,reuniting,scriptwriter,stan,illustrated,adaptation,walt,disney,movie,black,hole,walt,treasury,classic,tales,syndicated,comic,strip,kirby,drew,concept,art,film,producer,barry,script,treatment,adapting,roger,science,fiction,lord,geller,purchased,additionally,imagined,using,set,designs,colorado,theme,park,called,science,fiction,announced,plans,november,press,conference,attended,former,nfl,american,football,star,prospective,rosey,film,drawings,used,members,embassy,avoided,capture,iran,hostage,able,escape,country,posing,members,movie,final,years,death,topps,bombast,cover,art,kirby,early,pacific,comic,book,made,deal,kirby,publish,series,captain,victory,galactic,followed,second,called,silver,image,comics,working,together,similar,actions,independent,comics,publishers,eclipse,comics,destroyer,duck,help,steve,gerber,fight,case,versus,helped,establish,precedent,monopoly,work,hire,wherein,comics,even,owned,rights,characters,kirby,retained,ownership,characters,used,topps,comics,beginning,set,series,company,dubbed,titles,derived,mainly,designs,concepts,kirby,kept,intended,initially,pacific,licensed,topps,would,become,secret,city,kirby,died,age,76,heart,failure,thousand,california,home,buried,pierce,brothers,valley,oaks,memorial,westlake,legacy,new,york,sunday,piece,written,decade,said,kirby,created,new,grammar,storytelling,cinematic,style,characters,cascaded,one,frame,another,even,page,page,threatening,fall,right,book,force,punches,thrown,visibly,explosively,even,kirby,character,pulsed,tension,energy,way,makes,movie,versions,characters,seem,static,lisa,announced,early,2006,steve,artist,mike,plan,publish,via,marvel,comics,icon,limited,jack,galactic,bounty,featuring,characters,concepts,created,father,captain,series,reprinted,hardcover,marvel,posthumously,published,fantastic,four,several,kirby,images,among,super,set,commemorative,stamps,issued,postal,service,july,ten,stamps,portraits,individual,marvel,characters,10,stamps,depict,individual,marvel,comic,book,according,credits,printed,back,artwork,featured,captain,silver,amazing,incredible,hulk,captain,america,fantastic,four,awards,honors,jack,kirby,received,great,deal,recognition,course,including,1967,alley,award,best,pencil,following,year,behind,jim,alley,awards,favorite,short,story,human,torch,meets,captain,stan,lee,jack,strange,tales,best,novel,america,joins,stan,lee,jack,avengers,best,new,strip,book,stan,lee,jack,tales,suspense,best,short,story,origin,red,stan,lee,jack,tales,suspense,best,professional,regular,short,feature,stan,lee,jack,mighty,best,professional,regular,short,feature,stan,lee,jack,mighty,best,professional,best,regular,short,feature,stan,lee,jack,mighty,thor,best,professional,hall,fame,fantastic,stan,lee,jack,nick,agent,jim,kirby,shazam,award,special,achievement,individual,1971,series,forever,new,mister,pal,jimmy,inducted,shazam,awards,hall,fame,1987,inaugural,inductee,eisner,award,1993,saw,receive,bob,clampett,humanitarian,award,eisner,work,honored,posthumously,collection,new,gods,jack,new,gods,jack,edited,bob,kahan,harvey,award,best,domestic,reprint,eisner,award,best,archival,jack,kirby,awards,jack,kirby,hall,fame,named,robert,harvey,gary,panter,chris,kirby,among,artists,honored,exhibition,american,jewish,museum,new,york,new,2006,bibliography,main,jack,kirby,bibliography,notes,jack,social,security,death,index,familysearch,birth,comic,book,trade,paperback,isbn,b,king,isbn,34,196,comics,journal,reprinted,comics,journal,volume,jack,kirby,isbn,22,comics,journal,reprinted,24,nostalgia,journal,reprinted,3,197,14,16,average,joe,panels,1998,jack,kirby,collector,200,21,25,29,28,30,b,32,king,57,b,33,b,67,35,40,69,42,45,b,jim,comic,book,makers,isbn,reissued,isbn,king,72,b,46,b,real,love,best,simon,kirby,romance,comics,125,52,b,54,55,56,mark,green,arrow,jack,kirby,new,isbn,inked,jack,aid,dear,would,trace,pencil,work,static,pen,would,take,put,shadows,bold,areas,lines,laid,hated,inking,needed,departing,dc,almost,never,inked,work,61,king,king,109,91,60,freelance,work,appeared,five,issues,1956,astonishing,strange,tales,unusual,western,yellow,claw,282,gil,speaking,forum,july,dallas,fantasy,quoted,109,205,tracing,advent,kirby,krackle,shane,jack,kirby,collector,king,never,done,anything,comics,journal,library,volume,jack,kirby,p,isbn,1560974346,published,comics,134,february,143,jack,fourth,world,volume,new,dc,charles,upon,jack,kirby,collector,joshuah,cia,used,fake,flick,rescue,americans,wired,issue,posted,april,john,captain,victory,collected,jack,kirby,collector,volume,twomorrows,isbn,page,one,opinion,erik,comic,book,february,2007,sdcc,erik,eric,stephenson,kirby,july,2007,current,erik,larsen,jack,silver,may,2007,destroyer,duck,toonopedia,207,jon,jack,kirby,collector,collected,collected,jack,kirby,twomorrows,220,isbn,1893905578,jack,kirby,find,accessed,february,2009,b,brent,jack,comic,book,finally,new,york,august,2007,lisa,mike,tom,brevoort,galactic,bounty,september,2006,sdcc,marvel,publish,ff,july,2006,b,service,previews,2007,commemorative,stamp,2006,press,b,1967,alley,awards,1963,alley,awards,1964,alley,awards,1965,alley,awards,1966,alley,awards,1968,alley,awards,mark,counted,first,listed,nick,agent,noticed,counted,votes,four,jack,four,stan,four,stan,lee,jack,counted,one,votes,combined,would,given,fantastic,four,1971,academy,comic,book,arts,awards,1975,academy,comic,book,arts,awards,eisner,comic,industry,summary,winners,bob,clampett,humanitarian,award,1998,harvey,award,nominees,winners,1998,eisner,comic,industry,award,nominees,jewish,museum,special,exhibition,masters,american,comics,see,funny,new,york,october,2006,references,king,isbn,081099447x,comics,journal,volume,jack,fantagraphics,isbn,birth,comic,basic,isbn,tales,jack,stan,lee,american,comic,book,isbn,external,links,jack,kirby,museum,research,center,jack,kirby,grand,database,jack,kirby,comic,book,db,pov,mark,evanier,jack,kirby,kirby,heroes,thrive,comic,books,elvis,new,york,august,2003,kirby,interview,jack,kirby,collector,april,1966,creations,jack,kirby,appendix,handbook,marvel,universe,monsters,jack,kirby,jack,kirby,avengers,creators,stan,jack,kirby,current,books,new,avengers,creators,brian,michael,david,finch,members,luke,captain,america,jessica,jones,former,members,captain,doctor,iron,iron,veranke,enemies,iron,dark,hood,storylines,story,house,new,world,secret,dark,new,related,series,mighty,dark,avengers,mighty,avengers,creators,brian,michael,frank,cho,members,wasp,adversaries,new,modred,mole,ultron,storylines,story,dark,reign,related,series,new,dark,avengers,initiative,teams,dark,thunderbolts,action,desert,force,freedom,great,lakes,heavy,point,spaceknights,locations,stark,camp,hammond,teams,mighty,new,counter,new,young,investigations,comic,book,titles,new,mighty,dark,west,coast,avengers,agents,force,great,lakes,young,solo,avengers,alternate,ultimates,marvel,squadron,supreme,opponents,baron,count,grim,legion,lethal,master,masters,sons,space,squadron,ultron,locations,avengers,avengers,stark,tower,media,avengers,galactic,united,captain,america,ultimate,ultimate,avengers,2,miscellania,bibliography,avengers,list,avengers,new,avengers,story,arcs,black,panther,creators,stan,lee,jack,kirby,supporting,characters,brother,voodoo,white,tiger,queen,ororo,coal,tiger,tom,foster,villains,baron,macabre,erik,killmonger,hellrazor,kiber,cruel,klaw,madam,slay,malice,moses,magnum,sons,serpent,venomm,windeagle,publications,jungle,action,marvel,premiere,television,black,panther,media,ultimate,avengers,2,marvel,ultimate,alliance,related,articles,vibranium,captain,america,creators,jack,joe,simon,alter,egos,steve,william,jeffrey,grand,john,james,barnes,supporting,characters,isaiah,sharon,free,golden,jack,josiah,patriot,bernie,rosenthal,villains,baron,baron,batroc,blue,doctor,jack,aleksander,madame,master,national,red,scourge,serpent,serpent,baron,arnim,zola,storylines,civil,death,captain,fallen,death,captain,america,film,captain,america,captain,america,first,captain,america,tv,series,marvel,super,heroes,video,games,captain,america,doom,tube,captain,america,doctor,captain,america,avengers,miscellanea,alternate,captain,shield,fantastic,four,creators,stan,lee,jack,kirby,main,characters,mister,invisible,human,thing,villains,doctor,dragon,ego,living,frightful,impossible,mad,mole,molecule,puppet,red,ronan,nicholas,kristoff,wizard,supporting,characters,black,agatha,willie,alicia,alyssa,namor,frankie,franklin,nathaniel,valeria,silver,franklin,watcher,wyatt,yancy,street,gang,headquarters,baxter,building,avengers,mansion,four,freedoms,plaza,titles,main,fantastic,human,marvel,item,marvel,greatest,strange,thing,challengers,fantastic,marvel,fantastick,marvel,adventures,fantastic,ultimate,fantastic,unstable,molecules,television,fantastic,four,fantastic,four,fred,barney,meet,thing,fred,barney,meet,shmoo,fantastic,four,fantastic,greatest,heroes,films,fantastic,four,fantastic,four,fantastic,rise,silver,surfer,related,articles,alternate,versions,human,alternate,versions,mister,alternate,versions,future,doctor,doom,earth,fantastic,fantastic,four,galactus,negative,unstable,video,games,hulk,creators,stan,jack,kirby,supporting,characters,amadeus,betty,marlo,doc,rick,jim,wilson,villains,brian,gamma,red,speedfreek,thunderbolt,john,glenn,zzzax,film,television,tv,incredible,hulk,incredible,hulk,returns,trial,incredible,hulk,death,incredible,hulk,animated,tv,marvel,super,heroes,incredible,hulk,incredible,hulk,hulk,incredible,hulk,avengers,video,games,questprobe,featuring,hulk,incredible,hulk,incredible,pantheon,saga,hulk,incredible,ultimate,destruction,incredible,hulk,titles,storylines,incredible,tales,world,hulk,miscellanea,alternate,versions,hulk,hulk,incredible,hulk,coaster,iron,creators,stan,larry,jack,kirby,supporting,characters,bethany,maria,rumiko,happy,edwin,pepper,howard,yinsen,villains,crimson,ezekiel,fin,fang,iron,justin,living,madame,sunset,titanium,ultimo,storylines,iron,ultimate,iron,enter,mandarin,films,invincible,iron,iron,iron,ii,tv,series,marvel,super,iron,iron,armored,adventures,video,games,captain,america,iron,manowar,heavy,invincible,iron,ultimate,iron,related,articles,alternate,avengers,iron,stark,stark,tower,thor,creators,stan,larry,jack,characters,beta,ray,jane,warriors,three,villains,absorbing,ego,living,lorelei,fenris,grey,midgard,radioactive,wrecking,media,marvel,super,heroes,incredible,hulk,returns,related,articles,journey,blood,ultimate,comics,core,astonishing,new,mutants,uncanny,legacy,secondary,cable,captain,britain,13,deadpool,new,exiles,wolverine,origins,past,alpha,flight,cable,deadpool,dazzler,district,x,excalibur,exiles,generation,x,new,excalibur,new,hidden,years,unlimited,young,alternate,universe,first,class,first,class,finals,noir,alternate,universe,past,ultimate,2099,first,class,major,storylines,dark,phoenix,future,future,island,zero,comes,members,anole,archangel,armor,banshee,beast,bishop,blindfold,cable,caliban,cannonball,chamber,changeling,cipher,colossus,cyclops,darwin,dazzler,dust,elixir,forge,emma,frost,gambit,gentle,graymalkin,nate,grey,havok,hellion,hepzibah,husk,iceman,ink,joseph,jubilee,juggernaut,karma,lady,mastermind,lifeguard,lockheed,longshot,maggott,magma,marrow,marvel,girl,mercury,mimic,moonstar,mystique,nightcrawler,northstar,omega,sentinel,petra,phoenix,pixie,polaris,prodigy,professor,x,psylocke,revanche,cecilia,reyes,rockslide,rogue,sabretooth,sage,shadowcat,slipstream,stacy,x,storm,sunfire,sunspot,surge,sway,thunderbird,thunderbird,warpath,wolf,cub,wolverine,xorn,villains,apocalypse,acolytes,avalanche,bastion,black,tom,cassidy,blob,dark,beast,brood,brotherhood,mutants,deathbird,exodus,friends,humanity,gene,nation,graydon,creed,hellfire,club,cameron,hodge,holocaust,horsemen,apocalypse,juggernaut,kimura,krakoa,lady,deathstrike,lady,mastermind,legion,living,monolith,lucifer,magneto,marauders,master,mold,mastermind,sinister,mojo,mutant,liberation,front,mystique,nimrod,cassandra,nova,omega,red,onslaught,predator,x,proteus,purifiers,madelyne,pryor,pyro,quicksilver,reavers,sabretooth,sauron,scarlet,witch,sentinels,shadow,king,silver,samurai,spiral,stryfe,william,stryker,sublime,toad,vertigo,vulcan,weapon,x,wendigo,xorn,universe,avalon,asteroid,cerebro,crimson,dawn,crossmore,danger,room,district,town,fastball,special,genosha,legacy,virus,limbo,crystal,madripoor,massachusetts,academy,morlocks,muir,island,mutants,providence,savage,land,teams,xavier,protocols,media,film,series,united,last,stand,wolverine,magneto,first,class,cast,hugh,jackman,halle,berry,patrick,stewart,ian,mckellen,famke,janssen,rebecca,romijn,james,marsden,anna,paquin,shawn,ashmore,aaron,stanford,sumela,page,tyler,schreiber,ray,park,bruce,davison,brian,huston,alan,cumming,kelly,hu,daniel,cudmore,steve,grammer,foster,olivia,williams,vinnie,jones,dania,meiling,ken,leung,omahyra,mota,cameron,bright,shohreh,aghdashloo,kea,wong,shauna,kain,eric,dane,bill,duke,haley,ramm,jean,cayden,boyd,warren,worthington,taylor,kitsch,lynn,collins,daniel,henney,ryan,reynolds,dominic,monaghan,kevin,durand,scott,adkins,troye,mellet,crew,bryan,singer,brett,ratner,david,goyer,avi,arad,lauren,shuler,donner,tom,desanto,david,hayter,michael,dougherty,harris,zak,penn,simon,kinberg,john,logan,solomon,christopher,mcquarrie,ralph,winter,richard,donner,michael,kamen,scott,leva,steven,rosenblum,kevin,john,wright,john,ottman,john,myhre,guy,dyas,john,powell,dante,spinotti,mark,helfrich,mark,goldblatt,julia,wong,gavin,hood,david,benioff,james,vanderbilt,scott,silver,skip,woods,david,ayer,harry,donald,mcalpine,rhythm,hues,studios,video,games,revenge,official,game,wolverine,characters,media,articles,cyclops,magneto,professor,x,wolverine,sets,locations,danger,room,muir,island,fox,studios,australia,see,brotherhood,mutants,cerebro,fastball,special,sentinel,pryde,animated,series,generation,x,evolution,wolverine,video,games,main,games,madness,murderworld,fall,mutants,revenge,clone,wars,children,atom,game,legacy,street,fighter,mutant,apocalypse,mojo,world,ravages,apocalypse,mutant,academy,mutant,wars,mutant,academy,2,reign,apocalypse,next,dimension,legends,rise,apocalypse,official,game,wolverine,games,wolverine,adamantium,rage,gems,rage,revenge,wolverine,history,comics,storm,force,accelatron,new,gods,creators,jack,kirby,new,genesis,mister,big,forever,people,apokolips,granny,glorious,virman,doctor,female,deep,justifiers,characters,black,concepts,items,source,mother,boom,tube,major,storylines,jack,fourth,great,darkness,cosmic,death,new,final,crisis,space,odyssey,series,films,space,odyssey,books,space,odyssey,odyssey,two,lost,worlds,2001,comics,space,odyssey,first,published,1951,published,characters,hal,david,walter,heywood,frank,poole,vehicles,discovery,list,spacecraft,locations,clavius,ganymede,beyond,infinite,cast,keir,john,gary,leonard,margaret,tyzack,arthur,peter,jack,related,articles,interpretations,space,space,odyssey,poole,hal,9000,henry,pym,creators,stan,larry,jack,kirby,identities,wasp,opponents,whirlwind,comic,book,titles,tales,marvel,feature,teams,west,coast,mighty,avengers,pym,powered,scott,eric,bill,clint,erik,tom,rita,stature,retrieved,1917,births,1994,deaths,american,comics,artists,american,comics,writers,american,military,personnel,world,ii,deaths,heart,failure,eisner,award,winners,golden,age,comics,creators,jewish,american,artists,jewish,american,writers,people,manhattanhidden,comics,creator,pop,articles,unsourced,statements,articles,unsourced,statements,since,november,2008,articles,unsourced,statements,since,august,2008,views,article,discussion,edit,page,history,personal,tools,log,create,account,navigation,main,page,contents,featured,content,current,events,random,article,search,interaction,wikipedia,community,portal,recent,changes,contact,wikipedia,donate,wikipedia,help,toolbox,links,related,changes,upload,file,special,pages,printable,version,permanent,linkcite,page,languages,dansk,deutsch,galego,italiano,magyar,nederlands,shqip,suomi,svenska,page,last,modified,12,march,text,available,terms,gnu,free,documentation,copyrights,registered,trademark,wikimedia,registered,nonprofit,privacy,policy,wikipedia,disclaimers,