list,oz,books,free,encyclopedia,skin,stylepath,wgarticlepath,wgscriptpath,wgscript,wgvariantarticlepath,wgactionpaths,wgserver,wgcanonicalnamespace,wgcanonicalspecialpagename,wgnamespacenumber,wgpagename,wgtitle,oz,wgaction,wgarticleid,wgisarticle,wgusername,wgusergroups,wguserlanguage,wgcontentlanguage,wgbreakframes,wgcurrevisionid,wgversion,wgenableapi,wgenablewriteapi,wgseparatortransformtable,wgdigittransformtable,wgmwsuggesttemplate,wgdbname,wgsearchnamespaces,wgmwsuggestmessages,wgrestrictionedit,wgrestrictionmove,wikibits,js,site,js,list,oz,books,free,encyclopedia,jump,search,oz,books,form,book,series,begins,wonderful,wizard,relates,land,oz,originally,created,author,frank,went,write,fourteen,oz,although,oz,books,strictly,well,many,later,oz,oz,emphasize,oz,genuine,later,authors,wrote,26,books,many,authors,put,twists,notably,gregory,revisionist,please,see,list,published,oz,contents,1,background,2,list,oz,books,famous,frank,baum,ruth,plumly,thompson,writers,3,oz,works,4,later,sequels,5,alternate,oz,6,see,7,references,8,external,links,tocshowtext,tochidetext,background,first,fourteen,books,original,frank,another,nineteen,ruth,plumly,another,seven,books,various,authors,comprise,considered,classic,original,series,international,wizard,oz,club,many,inconsistencies,make,difficult,call,books,published,reilly,britton,reilly,list,oz,books,famous,frank,baum,original,books,frank,baum,cover,order,title,illustrator,year,publisher,1,wonderful,wizard,oz,denslow,1900,george,hill,dorothy,gets,swept,land,oz,meets,living,made,entirely,cowardly,lion,trying,get,emerald,city,see,great,reprinted,various,publishers,names,new,wizard,oz,wizard,oz,occasional,minor,changes,2,marvelous,land,oz,john,neill,1904,reilly,britton,little,escapes,evil,witch,help,walking,wooden,figure,head,named,jack,pumpkinhead,life,magic,powder,life,tip,stole,well,living,sawhorse,tip,ends,adventure,scarecrow,tin,tip,finally,learns,really,princess,true,ruler,changed,back,ascends,throne,reprinted,land,3,ozma,oz,john,neill,1907,reilly,britton,traveling,australia,uncle,little,dorothy,swept,overboard,hen,named,land,country,across,desert,together,mechanical,friend,must,save,royal,family,evil,nome,princess,finally,return,4,dorothy,wizard,oz,john,neill,1908,reilly,britton,way,back,dorothy,visits,soon,swallowed,along,horse,jim,cat,group,soon,meets,wizard,travel,underground,back,5,road,oz,john,neill,1909,reilly,britton,dorothy,meets,shaggy,trying,find,road,get,lost,enchanted,travel,meet,little,sorts,strange,adventures,way,6,emerald,city,oz,john,neill,1910,reilly,britton,dorothy,gale,uncle,henry,aunt,live,oz,tour,quadling,nome,king,tunneling,beneath,desert,invade,7,patchwork,girl,oz,john,neill,1913,reilly,britton,munchkin,boy,named,ojo,must,find,cure,free,unc,nunkie,magical,spell,turned,help,living,patchwork,ojo,journeys,oz,order,save,8,oz,john,neill,1914,reilly,britton,betsy,girl,shipwrecked,rose,meets,shaggy,two,try,rescue,shaggy,brother,nome,book,partly,based,upon,stage,turn,based,ozma,9,scarecrow,oz,john,neill,1915,reilly,britton,bill,trot,journey,oz,help,overthrow,cruel,king,krewl,bill,trot,previously,appeared,two,novels,fairies,sky,based,part,upon,1914,silent,scarecrow,10,rinkitink,oz,john,neill,1916,reilly,britton,prince,inga,pingaree,king,rinkitink,companions,adventures,lead,land,nomes,book,ends,oz,baum,originally,wrote,entitled,king,rewrote,11,lost,princess,oz,john,neill,1917,reilly,britton,concerning,disappearance,princess,ruler,discovered,four,search,parties,sent,one,four,book,covers,dorothy,efforts,find,cayke,cookie,cook,discovers,magic,dishpan,bakes,famous,along,leave,mountain,winkie,country,find,12,tin,woodman,oz,john,neill,1918,reilly,britton,tin,nick,unexpectedly,reunited,munchkin,sweetheart,nimmie,amee,days,flesh,along,nick,discovers,fellow,tin,captain,well,frankenstein,made,combined,parts,13,magic,oz,john,neill,1919,reilly,lee,former,nome,tries,conquer,oz,help,munchkin,kiki,citizens,searching,unusual,present,little,published,month,14,glinda,oz,john,neill,1920,reilly,lee,ozma,glinda,try,stop,gillikin,last,oz,published,critics,agree,darkest,oz,likely,due,failing,ruth,plumly,thompson,style,markedly,different,tales,harkened,back,traditional,often,included,small,prince,princess,saves,kingdom,regains,throne,saves,oz,thompson,even,respelled,respelling,traditional,thompson,wrote,19,oz,five,ruth,plumly,thompson,order,title,illustrator,year,publisher,15,royal,book,oz,john,neill,1921,reilly,lee,going,quest,find,family,slides,magic,discovers,actually,emperor,mysterious,underground,silver,dorothy,discovers,sets,find,meeting,sir,hokus,along,although,baum,credited,written,entirely,16,kabumpo,oz,john,neill,1922,reilly,lee,prince,pompadore,birthday,celebration,magic,scroll,found,inside,birthday,warns,wed,within,seven,entire,kingdom,along,wise,elephant,elegant,set,adventure,emerald,city,along,way,meet,peg,living,wooden,giant,meanwhile,ruggedo,gnome,king,turns,giant,tunneling,emerald,gets,palace,stuck,runs,17,cowardly,lion,oz,john,neill,1923,reilly,lee,cowardly,lion,kidnapped,mustafa,mudge,large,menagerie,help,american,circus,clown,notta,bit,orphan,bobbie,bob,rescued,mustafa,well,petrifaction,caused,stone,giant,18,grampa,oz,john,neill,1924,reilly,lee,prince,tatters,ragbag,former,set,search,king,lost,head,fortune,save,perhaps,city,maybe,mountains,princess,pretty,good,disappears,prophet,abrog,foresees,marrying,monster,marry,four,19,lost,king,oz,john,neill,1925,reilly,lee,old,mombi,land,cook,land,one,day,comes,across,former,prime,minister,enchanted,goose,years,sets,find,king,dorothy,accidentally,transported,meets,live,stunt,brings,back,20,hungry,tiger,oz,john,neill,1926,reilly,lee,hungry,tiger,seen,ozma,transported,red,kingdom,made,guard,discovers,betsy,carter,green,vegetable,scarlet,prince,reddy,rash,many,adventures,way,back,21,gnome,king,oz,john,neill,1927,reilly,lee,peter,american,finds,way,island,wicked,gnome,two,escape,gnome,king,plans,meanwhile,patchwork,kidnapped,quilties,made,22,giant,horse,oz,john,neill,1928,reilly,lee,many,years,dorothy,came,royal,family,munchkins,kidnapped,imprisoned,mysterious,ozure,islands,witch,evil,monster,created,guards,wants,mortal,prince,philador,ozure,islands,sets,save,meets,good,witch,north,seen,since,cameo,road,23,jack,pumpkinhead,oz,john,neill,1929,reilly,lee,remembering,previous,visit,peter,gnome,king,finds,jack,two,set,emerald,take,wrong,turn,quadling,meet,products,red,baron,plot,conquer,oz,marry,including,belfaygor,beard,cursed,rapid,snif,griffin,lost,24,yellow,knight,oz,john,neill,1930,reilly,lee,sir,hokus,pokes,grows,bored,life,emerald,comfortable,camel,set,meanwhile,boy,named,speedy,blasts,way,oz,homemade,rocket,finds,underground,kingdom,sir,hokus,rescues,princess,marygolden,finds,shift,identity,learns,memories,merrie,olde,england,25,pirates,oz,john,neill,1931,reilly,lee,peter,returns,oz,third,time,pirates,nonestic,ocean,surrounds,continent,oz,old,gnome,hit,silence,stone,gnome,king,decides,answer,advertisement,king,land,encounters,pigasus,flying,pig,captain,samuel,salt,band,26,purple,prince,oz,john,neill,1932,reilly,lee,visiting,neighboring,kingdom,prince,randy,purple,mountains,criticizes,claiming,randy,sentenced,elegant,makes,attendant,royal,family,disappears,randy,kabumpo,must,save,27,ojo,oz,john,neill,1933,reilly,lee,ojo,patchwork,girl,captured,gypsies,escapes,fellow,captive,leader,group,together,discover,flexible,free,crystal,city,blue,visit,unicorners,unicorns,visit,dicksey,well,many,strange,28,speedy,oz,john,neill,1934,reilly,lee,speedy,yellow,knight,returns,another,inspecting,dinosaur,speedy,blown,geyser,skeleton,comes,magically,life,becomes,live,terrybubble,speedy,land,umbrella,magic,floating,captured,29,wishing,horse,oz,john,neill,1935,reilly,lee,oz,mystery,starts,skampavia,king,skamperoo,wishes,horse,using,enchanted,emerald,wishing,horse,falls,skamperoo,decides,emeralds,must,emerald,decides,conquer,30,captain,salt,oz,john,neill,1936,reilly,lee,captain,salt,pirates,sails,nonestic,ocean,discovers,legendary,land,flying,well,famous,white,city,many,31,handy,mandy,oz,john,neill,1937,reilly,lee,mandy,mern,race,one,mandy,trying,gather,rock,standing,blown,air,lands,keretaria,munchkin,country,meets,nox,white,royal,last,appearance,gnome,32,silver,princess,oz,john,neill,1938,reilly,lee,king,randy,regalia,sets,adventure,old,elegant,elephant,visit,friend,jinnicky,red,jinn,meet,lovely,princess,anuther,set,33,ozoplaning,wizard,oz,john,neill,1939,reilly,lee,wizard,decides,create,ozoplanes,friends,fly,cowardly,lion,scarecrow,take,one,called,go,red,top,tin,jellia,jamb,soldier,green,whiskers,take,oztober,sky,city,phrase,wizard,included,title,coincide,1939,release,film,wizard,writers,thompson,retired,1939,longtime,oz,illustrator,john,neill,took,series,wrote,three,vision,oz,manic,thompson,houses,often,get,everything,entries,take,color,scheme,munchkin,red,quadling,extending,sky,skin,jack,snow,baum,even,offered,take,series,age,twelve,baum,books,lack,characters,created,thompson,although,create,john,neill,order,title,illustrator,year,publisher,34,wonder,city,oz,john,neill,1940,reilly,lee,jenny,jump,captures,leprechaun,forces,make,half,job,jenny,jumps,oz,using,soon,sets,fashionable,style,shop,magic,turnstyle,give,anyone,high,style,challenges,ozma,ozlection,become,ruler,land,35,scalawagons,oz,john,neill,1941,reilly,lee,wizard,creates,intelligent,cars,makes,superintendent,scalawagons,mechanical,runs,bell,mysterious,takes,advantage,condition,filling,scalawagons,wizard,nearly,loses,36,lucky,bucky,oz,john,neill,1942,reilly,lee,bucky,aboard,tugboat,new,york,harbor,boiler,blows,soon,blown,nonestic,ocean,meets,davy,wooden,pair,take,undersea,route,emerald,many,adventures,along,jack,snow,37,magical,mimics,oz,frank,kramer,1946,reilly,lee,ozma,glinda,go,meet,fairy,queen,lurline,forest,burzee,leave,dorothy,charge,evil,mimics,escape,imprisonment,mount,illuso,use,magic,take,form,others,attempt,conquer,38,shaggy,oz,frank,kramer,1949,reilly,lee,discovered,love,owned,shaggy,road,evil,fix,twink,tom,pulled,television,isle,conjo,nonestic,ocean,along,wooden,clown,soon,shaggy,arrives,saves,rachel,cosgrove,39,hidden,valley,oz,dirk,gringhuis,1951,reilly,lee,boy,builds,kite,attaches,crate,sets,oz,two,guinea,pinny,lab,rat,named,jam,realizes,pets,lands,hidden,valley,becomes,escape,set,adventures,tin,eloise,jarvis,mcgraw,lauren,lynn,mcgraw,40,merry,go,round,oz,dick,martin,1963,reilly,lee,robin,brown,usa,rides,magic,horse,named,merry,go,round,upon,robin,must,help,find,missing,magic,circlets,oz,works,wrote,works,generally,considered,considered,short,reference,still,others,novels,written,sometimes,years,main,body,oz,oz,books,somewhat,contradictory,canon,books,canon,books,yankee,wicked,witch,often,referred,fan,circles,books,sherwood,smith,officially,recognized,canon,baum,deal,new,generation,fans,oz,works,title,writer,illustrator,year,publisher,wonderful,wizard,oz,frank,baum,written,1901,stage,play,closely,based,featuring,songs,music,paul,wizard,oz,frank,baum,written,premiered,1902,stage,extravaganza,loosely,based,jokes,written,glen,featuring,songs,baum,paul,tietjens,many,interpolated,show,opened,chicago,starring,comedy,team,montgomery,stone,niccolo,chopper,production,moved,broadway,continued,tour,new,queer,visitors,marvelous,land,oz,frank,baum,walt,mcdougal,newspaper,chronicling,misadventures,tin,jack,gump,united,originally,used,promote,marvelous,land,often,republished,book,first,heavily,revised,edition,jean,kellogg,visitors,oz,later,third,book,oz,buckethead,enterprises,third,book,oz,includes,illustrated,eric,hungry,tiger,press,corrected,censoring,buckethead,edition,used,visitors,oz,title,like,kellogg,complete,series,read,strange,adventure,frank,baum,ike,morgan,1905,reilly,britton,adventures,usa,gets,separated,text,included,third,book,oz,hungry,tiger,press,visitors,book,read,frank,baum,written,1905,stage,musical,based,marvelous,land,music,frederic,reviews,praised,chapin,show,never,opened,magnet,love,frank,baum,written,1909,stage,music,manuel,based,ozma,oz,road,never,ozma,oz,frank,baum,written,1909,revised,draft,never,girl,oz,frank,baum,written,1909,play,connection,oz,reported,held,frank,baum,papers,syracuse,later,adapted,radio,girl,tomorrow,frank,joslyn,little,wizard,stories,oz,frank,baum,john,neill,1913,reilly,britton,six,short,stories,oz,originally,written,help,oz,series,full,text,found,oz,frank,baum,produced,1914,final,version,music,louis,produced,oliver,morosco,victor,schertzinger,interpolated,one,song,production,big,enough,success,morosco,move,new,littlest,oz,frank,baum,bill,eubank,written,published,1972,international,wizard,oz,club,violent,tale,magic,nominally,set,gillikin,country,otherwise,making,reference,yankee,oz,ruth,plumly,thompson,dick,martin,1972,international,wizard,oz,club,drummer,boy,united,states,air,force,meet,red,jinn,ev,together,defeat,evil,giant,threatening,america,originally,written,published,club,1972,reilly,club,considers,book,enchanted,island,oz,ruth,plumly,thompson,dick,martin,1976,international,wizard,oz,club,david,perry,talking,camel,humpty,bumpty,find,island,stranded,david,must,supply,magic,move,island,visit,emerald,city,time,cowardly,birthday,considered,book,forbidden,fountain,oz,eloise,jarvis,mcgraw,lauren,mcgraw,wagner,dick,martin,1980,international,wizard,oz,club,ozma,takes,sip,limeade,made,forbidden,forgets,androgynous,befriends,reformed,unsuccessful,bandit,tobias,white,lamb,named,kabumpo,sets,rescue,believes,toby,considered,book,wicked,witch,oz,rachel,cosgrove,eric,shanower,1993,international,wizard,oz,club,wicked,witch,awakens,nap,decides,make,wickedness,missed,dorothy,friends,must,try,stop,destroys,emerald,considered,book,runaway,oz,john,neill,eric,shanower,1995,books,wonder,scraps,patchwork,girl,upset,everyone,ignores,group,winkie,dignitaries,visits,emerald,runs,finds,way,munchkin,country,farm,professor,athletic,meets,popla,power,written,37th,oz,neill,died,could,illustrate,publisher,reilly,lee,decided,publish,due,shortages,world,manuscript,stayed,family,finally,published,eric,shanower,enlarged,edited,provided,rundelstone,oz,eloise,jarvis,mcgraw,eric,shanower,2000,hungry,tiger,press,pocotristi,living,must,find,magical,rundelstone,rescue,fellow,puppets,evil,whitherd,whitheraway,originally,published,sixth,final,volume,oz,jack,snow,various,1954,reilly,lee,definitive,guide,oz,baum,wrote,stage,wonderful,wizard,oz,music,paul,tietjens,nathaniel,wizard,oz,tietjens,jokes,glen,music,frederick,magnet,love,music,manuel,revised,april,1909,ozma,ultimately,music,louis,gottschalk,wrote,play,called,girl,manuscript,held,archives,syracuse,apparently,relation,oz,little,nominal,known,girl,tomorrow,later,adapted,radio,frank,joslyn,case,short,littlest,rather,brutal,tale,designated,two,lines,gillikin,country,gottschalk,writing,wrote,unproduced,stage,version,patchwork,girl,oz,november,developed,film,jack,snow,wrote,short,story,titled,murder,tip,takes,life,back,ultimately,restored,twin,fans,regard,story,largest,vanity,press,released,trilogy,books,seem,completely,contradict,though,author,reports,working,something,resolves,ruth,plumly,thompson,wrote,great,deal,poetry,oz,international,wizard,oz,club,posthumously,published,cheerful,citizens,later,sequels,following,significant,additions,oz,series,later,generally,considered,less,line,see,list,published,oz,apocrypha,much,longer,including,small,press,items,available,mostly,mail,orthodox,oz,sequels,title,writer,year,notes,ozmapolitan,oz,dick,martin,dick,1986,published,international,wizard,oz,considers,book,series,enchanted,apples,oz,eric,shanower,1986,published,first,first,graphic,novel,secret,island,oz,eric,shanower,1987,published,first,first,graphic,novel,ice,king,oz,eric,shanower,1988,published,first,first,graphic,novel,forgotten,forest,oz,eric,shanower,1989,published,first,first,graphic,novel,blue,witch,oz,eric,shanower,1992,published,dark,horse,giant,garden,oz,eric,shanower,1993,published,emerald,city,paradox,oz,edward,einhorn,eric,1999,published,hungry,tiger,living,house,oz,edward,einhorn,eric,2005,published,hungry,tiger,unknown,witches,oz,dave,hardenbrook,kerry,2000,published,galde,emerald,wand,oz,sherwood,smith,2005,first,four,books,authorized,baum,trouble,oz,sherwood,smith,2006,tinker,oz,james,howe,david,1985,dorothy,meets,inventor,clockwork,patchwork,bride,oz,gilbert,sprague,1997,wedding,scarecrow,patchwork,hidden,prince,oz,gina,wickwar,anna,maria,2000,published,international,wizard,oz,club,winner,oz,centennial,book,contest,toto,oz,gina,wickwar,anna,maria,2007,published,international,wizard,oz,confused,chris,toto,oz,originally,written,though,revised,sword,oz,darren,reid,2007,first,series,prequels,original,frank,baum,broadly,compatible,original,canon,features,arthur,grandfather,dorothy,alternate,oz,see,march,laumer,books,deal,alternate,views,usually,considered,literally,hundreds,unofficial,oz,following,list,independently,commercially,alternate,oz,title,writer,year,notes,laughing,dragon,oz,frank,joslyn,baum,1934,little,written,published,whitman,none,characters,official,oz,though,briefly,mentioned,whitman,quickly,withdrew,lawsuit,threat,reilly,barnstormer,oz,philip,farmer,1982,set,approximately,30,years,events,wonderful,wizard,protagonist,novel,hank,dorothy,gale,plane,lost,mysterious,green,hank,finds,oz,brink,civil,novel,states,events,wonderful,wizard,oz,based,real,baum,newspaper,reporter,nebraska,around,time,dorothy,transported,interviewed,later,used,notes,basis,first,subsequent,novels,baum,solely,products,geoff,ryman,1992,employs,literary,conceit,kansas,girl,named,dorothy,existed,school,frank,baum,made,story,first,oz,book,order,amuse,novel,takes,place,real,life,times,wicked,witch,west,gregory,maguire,1995,published,parallel,novel,written,gregory,maguire,illustrated,douglas,based,upon,writings,frank,revisionist,look,land,characters,best,known,1900,novel,wonderful,wizard,oz,1939,film,wizard,novel,presents,characters,situations,books,film,new,several,differences,frank,baum,series,wicked,differences,arise,original,oz,functioning,kansas,cultural,economic,oz,prosperous,excellent,agricultural,yields,kansas,characterized,economic,environmental,difficulties,poor,social,strife,described,wicked,cycle,indicates,two,series,set,similar,internally,consistent,distinctly,separate,visions,unlike,popular,1939,movie,novel,directed,contains,adult,language,basis,broadway,musical,wicked,stephen,schwartz,winnie,witch,gregory,maguire,2005,published,sequel,lion,among,gregory,maguire,2008,published,third,book,wicked,wizard,emerald,city,alexander,volkov,1959,original,adaptation,wizard,puppy,totoshka,carried,hurricane,magic,first,shock,beauty,land,sudden,gift,wise,meet,fairy,yellow,tells,allowed,house,taken,wind,land,head,wicked,witch,blue,kill,ellie,called,fairy,killing,worshipped,people,villina,tells,ellie,follow,yellow,brick,road,find,great,ruler,magic,lives,emerald,supposed,bring,ellie,back,home,parents,fulfills,greatest,wishes,three,creatures,meet,set,ellie,wearing,silver,shoes,totoshka,found,meet,strashila,dreams,iron,dreams,cowardly,dreams,novel,nearly,minor,changes,urfin,dzhus,wooden,soldiers,alexander,volkov,1963,first,nearly,nothing,set,one,year,events,first,urfin,former,servant,discovers,magical,powder,brings,things,creates,army,wooden,soldiers,sets,conquer,magic,farm,ellie,meets,crow,bearing,pictured,strashila,iron,behind,ellie,seaman,charlie,set,desert,mountains,help,seven,kings,underground,alexander,volkov,1969,trapped,huge,cave,totoshka,cousin,fred,forced,move,underground,magic,land,seven,kings,currently,caught,serious,political,people,recognize,ellie,fairy,killing,house,keep,forcing,use,magical,powers,restore,magical,spring,sleepy,water,keeps,order,fred,find,way,seek,help,fiery,god,marrans,alexander,volkov,1972,little,sister,born,last,visit,magic,best,friend,dream,seeing,land,bedtime,dream,strong,creates,two,mules,operating,sun,two,aged,8,take,set,little,know,going,social,emerald,city,conquered,urfin,accompanied,primitive,tribe,brainwashed,yellow,fog,alexander,volkov,1988,giant,witch,named,arachna,wakes,wishes,rule,magic,seeing,people,would,sends,eerie,yellow,fog,threatens,bring,eternal,winter,poison,eventually,causing,mass,death,tim,accompanied,charlie,rush,eventually,charlie,builds,giant,piloted,robot,japanese,defeats,witch,long,secret,abandoned,castle,alexander,volkov,1989,time,people,magic,land,deal,alien,inseparable,annie,12,along,fred,arrive,help,discover,aliens,enslaved,menvits,hypnotic,guests,outer,world,discover,magic,land,may,hold,key,dorothy,oz,roger,baum,1989,author,frank,great,dark,tower,wizard,glass,stephen,king,1997,characters,visit,unpopulated,version,emerald,looking,1939,sitting,throne,turns,marten,one,dark,tower,main,return,oz,joan,vinge,1985,book,version,movie,return,oz,based,second,third,land,oz,ozma,see,oz,portal,list,published,oz,apocrypha,list,characters,oz,books,references,michael,patrick,annotated,wizard,norton,isbn,david,oz,random,isbn,external,links,oz,available,internet,scanned,color,illustrated,first,international,wizard,oz,club,collectible,first,editions,wizard,oz,books,sword,oz,comprehensive,database,books,royal,timeline,attempt,list,oz,books,chronological,order,wikiquote,collection,quotations,related,list,oz,books,wonderful,wizard,oz,oz,portal,general,land,major,oz,film,manufacturing,company,authors,frank,ruth,plumly,john,jack,rachel,cosgrove,eloise,alexander,sherwood,smith,illustrators,william,wallace,john,frank,dirk,dick,eric,shanower,characters,princess,dorothy,tin,cowardly,hungry,wizard,good,witch,wicked,witch,nome,ugu,jack,aunt,uncle,unc,jellia,shaggy,belfaygor,glass,betsy,peter,wicked,witch,jenny,soldier,green,guardian,ojo,nimmie,patchwork,sir,hokus,jinnicky,red,queen,princess,queen,johnny,gump,gillikins,adaptations,fairylogue,wonderful,wizard,dorothy,scarecrow,land,patchwork,girl,magic,cloak,scarecrow,wizard,wizard,wizard,tales,wizard,return,wonderful,land,journey,back,wonderful,wizard,marvelous,land,wizard,return,lost,wizard,emerald,city,confidential,translations,wonderful,galaxy,sihirli,oz,parodies,wonderful,wizard,wizard,tin,wicked,years,life,times,wicked,witch,lion,among,wicked,juvenile,series,books,books,beverly,gray,cherry,ames,connie,blair,dana,girls,ginny,gordon,judy,bolton,kay,tracey,nancy,drew,penny,parker,barton,trixie,belden,vicki,barr,books,biff,brewster,bronc,burnett,chip,hilton,hardy,boys,ken,holt,rick,brant,tom,space,cadet,tom,quest,tom,retrieved,oz,books,views,article,discussion,edit,page,history,personal,tools,log,create,account,navigation,main,page,contents,featured,content,current,events,random,article,search,interaction,wikipedia,community,portal,recent,changes,contact,wikipedia,donate,wikipedia,help,toolbox,links,related,changes,upload,file,special,pages,printable,version,permanent,linkcite,page,languages,esperanto,italiano,page,last,modified,31,march,text,available,terms,gnu,free,documentation,copyrights,registered,trademark,wikimedia,registered,nonprofit,privacy,policy,wikipedia,disclaimers,