list,latin,greek,words,commonly,used,systematic,names,free,encyclopedia,skin,stylepath,wgarticlepath,wgscriptpath,wgscript,wgvariantarticlepath,wgactionpaths,wgserver,wgcanonicalnamespace,wgcanonicalspecialpagename,wgnamespacenumber,wgpagename,wgtitle,latin,greek,words,commonly,used,systematic,wgaction,wgarticleid,wgisarticle,wgusername,wgusergroups,wguserlanguage,wgcontentlanguage,wgbreakframes,wgcurrevisionid,wgversion,wgenableapi,wgenablewriteapi,wgseparatortransformtable,wgdigittransformtable,wgmwsuggesttemplate,wgdbname,wgsearchnamespaces,wgmwsuggestmessages,wgrestrictionedit,wgrestrictionmove,wikibits,js,site,js,list,latin,greek,words,commonly,used,systematic,names,free,encyclopedia,jump,search,list,latin,greek,words,commonly,used,systematic,names,intended,help,unfamiliar,classical,languages,understand,remember,scientific,names,binomial,nomenclature,used,animals,plants,largely,derived,latin,names,used,higher,taxa,orders,time,carolus,linnaeus,published,books,accepted,starting,point,binomial,latin,used,western,europe,language,scientific,names,latin,linnaeus,continued,although,latin,largely,unused,except,classical,scholars,certain,purposes,botanists,roman,catholic,latin,still,found,scientific,helpful,able,understand,source,scientific,always,correspond,current,english,common,often,meanings,understood,easier,often,genus,name,specific,descriptor,simply,latin,greek,name,animal,canis,latin,words,included,table,occur,one,two,words,listed,common,adjectives,modifiers,repeatedly,occur,scientific,names,many,words,similar,english,forms,contents,1,see,2,list,words,b,f,g,h,p,r,v,z,3,references,4,external,links,tocshowtext,tochidetext,see,list,greek,words,english,derivatives,list,latin,words,english,derivatives,list,words,table,g,lg,similar,language,english,example,acaulis,g,stemless,stemless,gentiana,dwarf,cirsium,acaule,acuta,pointed,american,crocodylus,angled,sunbeam,curetis,northern,pintail,anas,acuta,agrestis,g,wild,field,microstus,green,veronica,agrestis,albus,white,american,white,eudocimus,white,quercus,viscum,album,americana,american,american,black,ursus,american,hazel,corylus,americana,ampulla,flask,northern,bottlenose,hyperoodon,ampullatus,anthropos,g,human,paranthropus,aquaticus,found,water,eastern,scalopus,aquaticus,g,ancient,archaeopteryx,arctos,g,bear,grizzly,ursus,arctos,common,arctostaphylos,argentatus,silvery,herring,larus,argentatus,arvensis,field,alauda,arvensis,g,star,starfish,asteroidea,aureus,gold,coin,golden,canis,staphylococcus,aureus,australis,southern,southern,right,eubalaena,australis,b,language,english,example,baccata,common,taxus,baccata,blanda,alluring,greek,anemone,blanda,borealis,northern,northern,right,whale,lissodelphis,borealis,brachion,g,arm,brachiones,brachiopoda,brachiosaurus,g,short,brazilian,gold,brachycephalus,didactylus,g,slow,pygmy,bradypus,pygmaeus,branchia,lg,gills,lamellibranchia,branchiopoda,brine,brevis,short,ceratogymna,brevis,language,english,example,caecus,blind,blind,talpa,northern,eyed,smerinthus,caecus,caeruleus,blue,blue,parus,blue,passion,passiflora,caerulea,canadensis,canada,bighorn,ovis,canadensis,canis,canis,dipylidium,caninum,canus,gray,pale,gray,picus,woolly,senecio,canus,cauda,tail,aegithalos,thintail,dipturus,leptocaudus,caulos,g,stalk,stemless,gentiana,acaulis,cephale,g,head,mediterranean,larus,melanocephalus,ceps,head,pygmy,sperm,kogia,breviceps,ceros,g,horn,monodon,monoceros,chilensis,chile,paradise,tangara,chilensis,g,green,common,gallinula,chloropus,chromos,g,color,clown,chromobotia,macracanthus,cneme,g,leg,platycnemis,pennipes,cola,dweller,eurasian,scolopax,rusticola,corax,g,raven,common,corvus,corax,coronatus,crowned,crowned,eulemur,coronatus,costatus,ribbed,striped,raphael,platydoras,costatus,thick,creeping,vaccinium,crassifolium,cristatus,crested,proteles,cristatus,crocos,g,yellow,crocus,bicoloured,crocidura,leucodon,cyanos,g,cyanopica,cyana,language,english,example,g,finger,toe,rissa,tridactyla,deca,g,ten,beryx,decadactylus,decem,ten,colorado,potato,leptinotarsa,decemlineata,derma,g,skin,yellow,staining,agaricus,xanthodermus,g,two,christmas,dipodium,punctatum,didelphis,didelphis,virginiana,g,terrible,deinotherium,g,double,orange,diploglena,capensis,dodeca,g,twelve,dodecatheon,hendersonii,g,elongated,knight,anolis,dolichocephalus,domesticus,domestic,house,passer,domesticus,dorsum,back,mustela,strigidorsa,dulcis,sweet,prunus,dulcis,g,force,thermodynamics,language,english,example,ivory,pagophila,eburnea,echinatus,g,spiny,edisto,procambarus,shortleaf,pinus,echinata,g,spiny,great,globe,echinops,diadema,echinothrix,san,pedro,echinopsis,pachanoi,edulis,edible,ostrea,common,cerastoderma,passion,passiflora,edulis,elatior,taller,true,primula,elatior,g,electric,electron,electric,electrophorus,electricus,enanti,g,opposite,enantiornithes,ennea,g,nine,oxalis,banded,sunfish,enneacanthus,obesus,ensatus,california,giant,dicamptodon,ensatus,ensis,lance,jackknife,ensis,swordleaf,juncus,ensifolius,erectus,upright,homo,erectus,upright,moenchia,erecta,g,woolly,common,eriophorum,angustifolium,erosus,serrated,pachyrhizus,serrated,kinixys,erosa,g,spotted,tringa,erythronium,f,language,english,example,familiaris,common,canis,familiaris,felis,cat,felis,cat,ctenocephalides,felis,flavus,golden,light,yellow,yellow,pitcher,sarracenia,apodemus,flavicollis,flower,southern,magnolia,great,white,trillium,grandiflorum,folium,leaf,american,fagus,grandifolia,fulvus,deep,tawny,pacific,golden,pluvialis,yellow,ground,spermophilus,fulvus,fuscus,dark,brown,sooty,sterna,dusky,hopping,notomys,fuscus,g,language,english,example,gaster,g,belly,common,fruit,drosophila,melanogaster,g,earth,geology,glabra,glaber,hairless,smooth,rhus,omphiscola,glabra,glycys,g,sweet,glycine,max,gyrinos,g,tadpole,spring,salamander,gyrinophilus,proterogyrinus,h,language,english,example,g,blood,bacteria,haemophilus,influenzae,g,salt,grey,halichoerus,black,haliotis,cracherodii,g,single,mountain,apoldontia,mongolosaurus,haplodon,g,facet,chinese,ephedra,g,sun,helianthus,sun,euphorbia,helioscopia,g,six,water,ludwigia,hexapetala,g,horse,lesser,horseshoe,rhinolophus,hipposideros,hirsuta,hairy,hairy,cardamine,hairy,artibeus,hirsutus,homo,modern,homo,homo,neanderthalensis,hortensis,garden,orphean,sylvia,hortensis,g,water,chinese,water,hydropotes,inermis,g,st,hypericum,perforatum,g,beneath,zebra,pleco,hypancistrus,common,hypochoeris,radicata,language,english,example,indicus,indian,malaysian,tapirus,indicus,language,english,example,lateralis,side,rock,petrogale,lateralis,lepus,hare,lepus,californicus,g,white,chlidonias,leucopterus,lineatus,lined,striped,colorado,potato,leptinotarsa,decemlineata,lutea,yellow,vicia,leiothrix,lutea,language,english,example,macro,g,large,mole,tachyoryctes,macrocephalus,maculatus,spotted,spotted,actitis,macularius,major,greater,great,parus,major,malabaricus,malabar,sturnus,malabaricus,g,black,dark,crocidura,maurisca,maximus,largest,royal,sterna,maxima,megas,g,great,megalodon,carcharodon,megalodon,mephitis,bad,odor,striped,mephitis,mephitis,g,black,thalassarche,melanophris,micro,g,small,littleleaf,antennaria,microphylla,minimus,smallest,least,empidonax,minimus,minor,smaller,great,fregata,minor,g,single,oceanodroma,monorhis,montanus,mountains,tree,passer,montanus,g,shape,menelaus,blue,morpho,menelaus,mys,g,mouse,language,english,example,g,dwarf,dendrocopos,nanus,nona,ninth,honey,fungus,armillaria,nabsnona,nothos,g,wrong,bluefin,notho,nothobranchius,new,zealand,red,nothofagus,fusca,notos,g,southern,fawn,hopping,notomys,cervinus,novaehollandiae,new,holland,dromaius,novaehollandiae,novaeseelandiae,new,zealand,southern,boobook,ninox,novaeseelandiae,noveboracensis,new,york,northern,seiurus,noveboracensis,novem,nine,dasypus,novemcinctus,language,english,example,obscurus,dark,dusky,lagenorhynchus,obscurus,occidentalis,western,eastern,thuja,occidentalis,ocean,g,ocean,posidonia,oceanica,g,eight,common,octopus,vulgaris,g,tooth,rhizodus,g,tubular,oesophagostomum,bifurcum,officinalis,medicinal,rosmarinus,officinalis,oleum,oil,jack,omphalotus,olearius,ops,g,face,triceratops,opsis,g,appearance,carolina,conuropsis,carolinensis,orientalis,eastern,oriental,blatta,orientalis,g,straight,orthoptera,p,language,english,example,g,stout,pachycephalosaurus,palustris,marsh,mugger,crocodylus,palustris,g,genitive,pantotheria,parvus,small,mountain,pygmy,burramys,parvus,pedis,foot,showy,lady,cypripedium,reginae,g,open,pelagic,phalacrocorax,pelagicus,penna,feather,great,pinguinus,impennis,pennatus,winged,booted,aquila,pennata,g,five,chalcides,pentadactylus,petra,g,stone,rock,erigeron,sauromys,petrophilus,phobia,g,fear,agoraphobia,g,leaf,garden,lupinus,polyphyllus,g,nature,symphysia,g,plant,astrophytum,myriostigma,g,flat,broad,flathead,salmo,platycephalus,g,many,common,polygonum,polymer,pratensis,meadow,meadow,alopecurus,pratensis,protos,g,first,protozoa,g,wing,remix,chlidonias,leucopterus,pubescens,downy,downy,quercus,pubescens,pulchellus,pretty,little,green,pygmy,nettapus,pulchellus,punctatus,spotted,lady,hippodamia,tredecimpunctata,r,language,english,example,repandus,curved,turned,peruvian,apple,cereus,hedgehog,hydnum,repandum,repens,crawling,unexpected,creeping,ranunculus,white,trifolium,repens,reptans,crawling,creeping,potentilla,reptilia,rhinos,g,nose,orange,rhinonicteris,aurantia,rhiza,g,root,bushy,ludwigia,rhizobium,soil,rhynchos,g,beak,snout,anas,platyrhynchos,rhytis,g,folded,shaggy,rhytidiadelphus,rhytidodon,rostra,snout,common,loxia,curvirostra,rostralis,beak,buttoned,snout,hypena,rostralis,rubrum,red,red,centranthus,summer,piranga,red,acer,rubrum,rufus,red,red,canis,rufus,language,english,example,sanguis,blood,sanguinaria,canadensis,sapiens,wise,recent,subspecies,homo,sapiens,sapiens,wise,sativus,cultivated,pisum,sativum,saura,g,lizard,maiasaura,seven,coccinella,septempunctata,silvestris,wild,wild,felis,silvestris,sinensis,china,camellia,sinensis,showy,lagerstroemia,japanese,lilium,speciosum,sperma,g,seed,african,osteospermum,g,wedge,sphenodon,punctatus,stoma,g,opening,gnathostomata,striatus,striped,striated,butorides,striatus,g,crocodile,koolasuchus,language,english,example,late,great,otis,chisos,mountains,quercus,tardifolia,g,distant,new,south,wales,telopea,speciosissima,tenuis,fine,slender,juncus,plealeaf,polygonum,tenue,g,four,polycarpon,tetrapoda,tinctorius,dyeing,isatis,tinctoria,tomentosus,furry,fuzzy,philadelphus,tomentosus,g,three,rissa,tridactyla,thrix,g,hair,cloud,ear,auricularia,polytricha,triquetrus,allium,triquetrum,language,english,example,unus,one,monotropa,uniflora,v,language,english,example,variabilis,variable,grey,emberiza,variabilis,variegatus,variegated,variegated,garrulax,codiaeum,variegatum,velocis,swift,swift,vulpes,velociraptor,ventralis,belly,hispaniolan,amazona,southern,dwarf,bradypodion,ventrale,vernalis,spring,spring,gentiana,spring,adonis,vernalis,verrucosus,rough,skinned,javan,warty,reef,synanceia,verrucosa,verus,genuine,true,aloe,galium,verum,villosus,shaggy,hairy,picoides,hairy,vicia,villosa,viridis,green,green,alnus,frog,coeloglossum,viride,virosus,poisonous,poisonous,lactuca,cicuta,virosa,volans,flying,southern,flying,glaucomys,volans,vulgaris,common,common,octopus,common,ligustrum,vulgare,z,language,english,example,xanthos,g,yellow,yellow,staining,agaricus,xanthodermus,zygos,g,joined,zygoptera,references,b,chuck,botanical,umberto,quattrocchi,crc,world,dictionary,plant,crc,isbn,external,links,dictionary,botanical,epithets,european,species,names,german,french,retrieved,glossaries,lists,words,latin,words,phrases,etymologieshidden,articles,containing,language,text,views,article,discussion,edit,page,history,personal,tools,log,create,account,navigation,main,page,contents,featured,content,current,events,random,article,search,interaction,wikipedia,community,portal,recent,changes,contact,wikipedia,donate,wikipedia,help,toolbox,links,related,changes,upload,file,special,pages,printable,version,permanent,linkcite,page,languages,deutsch,nederlands,page,last,modified,19,april,text,available,terms,gnu,free,documentation,copyrights,registered,trademark,wikimedia,registered,nonprofit,privacy,policy,wikipedia,disclaimers,