list,traditional,star,names,free,encyclopedia,skin,stylepath,wgarticlepath,wgscriptpath,wgscript,wgvariantarticlepath,wgactionpaths,wgserver,wgcanonicalnamespace,wgcanonicalspecialpagename,wgnamespacenumber,wgpagename,wgtitle,traditional,star,wgaction,wgarticleid,wgisarticle,wgusername,wgusergroups,wguserlanguage,wgcontentlanguage,wgbreakframes,wgcurrevisionid,wgversion,wgenableapi,wgenablewriteapi,wgseparatortransformtable,wgdigittransformtable,wgmwsuggesttemplate,wgdbname,wgsearchnamespaces,wgmwsuggestmessages,wgrestrictionedit,wgrestrictionmove,wikibits,js,site,js,list,traditional,star,names,free,encyclopedia,jump,search,list,traditional,names,mostly,derived,arabic,see,list,stars,gives,variant,find,look,simbad,international,simbad,online,contents,b,f,g,h,k,p,q,r,v,w,x,z,proper,name,designation,acamar,theta,eridani,achernar,alpha,eridani,achird,eta,cassiopeiae,acrab,beta,scorpii,acrux,alpha,crucis,acubens,alpha,cancri,adhafera,zeta,leonis,adhara,epsilon,canis,majoris,epsilon,tauri,aladfar,eta,lyrae,alamak,gamma,andromedae,alathfar,lyrae,alaraph,beta,virginis,albaldah,pi,sagittarii,albali,epsilon,aquarii,albireo,beta,cygni,alchiba,alpha,corvi,alcor,80,ursae,majoris,alcyone,eta,tauri,aldebaran,alpha,tauri,alderamin,alpha,cephei,aldhafera,zeta,leonis,aldhanab,gamma,gruis,aldhibah,zeta,draconis,aldib,delta,draconis,fawaris,delta,cygni,alfecca,meridiana,alpha,coronae,australis,alfirk,beta,cephei,algedi,alpha,capricorni,giedi,alpha,capricorni,algenib,alpha,algenib,gamma,pegasi,algieba,gamma,leonis,algol,beta,persei,algorab,delta,corvi,alhajoth,alpha,aurigae,alhena,gamma,geminorum,alioth,epsilon,ursae,majoris,alkaid,eta,ursae,majoris,kurud,theta,columbae,kalb,rai,cephei,alkalurops,bootis,kaphrah,ursae,majoris,alkes,alpha,crateris,alkurah,xi,cephei,almach,gamma,andromedae,minliar,asad,kappa,leonis,nair,alpha,gruis,alnasl,gamma,sagittarii,alnilam,epsilon,orionis,alnitak,zeta,orionis,alniyat,tau,scorpii,niyat,sigma,scorpii,alphard,alpha,hydrae,alphecca,alpha,coronae,borealis,alpheratz,alpha,andromedae,alrai,gamma,cephei,alrakis,draconis,alrami,alpha,sagittarii,alrischa,alpha,piscium,alruccabah,alpha,ursae,minoris,alsafi,sigma,draconis,alsciaukat,31,lyncis,alshain,beta,aquilae,alshat,capricorni,altair,alpha,aquilae,altais,delta,draconis,altarf,beta,cancri,alterf,lambda,leonis,thalimain,iota,thalimain,lambda,aquilae,aludra,eta,canis,majoris,alula,australis,xi,ursae,majoris,alula,borealis,ursae,majoris,alwaid,beta,draconis,alya,theta,serpentis,alzir,xi,geminorum,ancha,theta,aquarii,angetenar,eridani,ankaa,alpha,phoenicis,antares,alpha,scorpii,arcturus,alpha,bootis,arich,gamma,virginis,arided,alpha,cygni,arkab,beta,sagittarii,arkab,prior,sagittarii,arkab,posterior,sagittarii,arm,eta,capricorni,arneb,alpha,leporis,arrakis,draconis,ascella,zeta,sagittarii,asellus,australis,delta,cancri,asellus,borealis,gamma,cancri,asellus,primus,theta,bootis,asellus,secundus,iota,bootis,asellus,tertius,kappa,bootis,ashlesha,epsilon,hydrae,askella,zeta,sagittarii,aspidiske,iota,carinae,asterion,beta,canum,venaticorum,asterope,21,tauri,atik,omicron,persei,atlas,27,tauri,atria,alpha,trianguli,australis,auva,delta,virginis,avior,epsilon,carinae,azaleh,zeta,aurigae,azelfafage,cygni,azha,eta,eridani,azimech,alpha,virginis,azmidiske,xi,puppis,b,proper,name,designation,baham,theta,pegasi,baten,kaitos,zeta,ceti,becrux,beta,crucis,beid,eridani,bellatrix,gamma,orionis,benetnasch,eta,ursae,majoris,betelgeuse,alpha,orionis,betria,beta,trianguli,australis,bharani,41,arietis,biham,theta,pegasi,birdun,epsilon,centauri,birhan,isat,5,tauri,botein,delta,arietis,brachium,sigma,librae,bunda,xi,aquarii,proper,name,designation,canopus,alpha,carinae,capella,alpha,aurigae,caph,beta,cassiopeiae,castor,alpha,geminorum,cebalrai,beta,ophiuchi,celaeno,16,tauri,chara,alpha,canum,sometimes,chara,beta,canum,venaticorum,cheleb,beta,ophiuchi,chertan,theta,leonis,chort,theta,leonis,chow,beta,serpentis,cor,caroli,alpha,canum,venaticorum,cursa,beta,eridani,proper,name,designation,dabih,beta,capricorni,decrux,delta,crucis,deneb,alpha,cygni,deneb,algedi,delta,capricorni,deneb,dulfim,epsilon,delphini,deneb,okab,zeta,aquilae,deneb,kaitos,beta,ceti,deneb,kaitos,schemali,iota,ceti,denebola,beta,leonis,dheneb,eta,ceti,diadem,alpha,comae,berenices,diphda,beta,ceti,dnoces,iota,ursae,majoris,dschubba,delta,scorpii,dubhe,alpha,ursae,majoris,duhr,delta,leonis,proper,name,designation,edasich,iota,draconis,electra,17,tauri,elmuthalleth,alpha,trianguli,elnath,beta,tauri,eltanin,gamma,draconis,enif,epsilon,pegasi,errai,gamma,cephei,etamin,gamma,draconis,f,proper,name,designation,fomalhaut,alpha,piscis,austrini,fum,samakah,beta,piscium,furud,zeta,canis,majoris,g,proper,name,designation,gacrux,gamma,crucis,garnet,star,cephei,gatria,gamma,trianguli,australis,gianfar,lambda,draconis,giedi,alpha,capricorni,gienah,gurab,gamma,corvi,giennah,epsilon,cygni,girtab,kappa,scorpii,gomeisa,beta,canis,minoris,gorgonea,tertia,rho,persei,graffias,beta,scorpii,grafias,beta,scorpii,grassias,beta,scorpii,grumium,xi,draconis,b,formerly,applied,xi,scorpii,h,proper,name,designation,hadar,beta,centauri,hadir,sigma,puppis,haedus,zeta,aurigae,haldus,epsilon,aurigae,hamal,alpha,arietis,hassaleh,iota,aurigae,head,hydrus,alpha,hydri,heka,lambda,orionis,heze,zeta,virginis,hoedus,zeta,aurigae,hoedus,ii,eta,aurigae,homam,zeta,pegasi,hyadum,gamma,tauri,hyadum,ii,tauri,hydrobius,zeta,hydrae,proper,name,designation,izar,epsilon,bootis,proper,name,designation,jabbah,scorpii,jih,kappa,pegasi,juxta,crucem,epsilon,crucis,k,proper,name,designation,kabdhilinan,iota,aurigae,kaffaljidhma,gamma,ceti,kajam,omega,herculis,kastra,epsilon,capricorni,kaus,australis,epsilon,sagittarii,kaus,borealis,lambda,sagittarii,kaus,media,delta,sagittarii,keid,eridani,kitalpha,alpha,equulei,kleeia,tauri,kochab,beta,ursae,minoris,kornephoros,beta,herculis,kraz,beta,corvi,ksora,delta,cassiopeiae,kullat,nunu,eta,piscium,kuma,draconis,proper,name,designation,lanx,australis,beta,librae,superba,canum,venaticorum,lesath,upsilon,scorpii,lucida,anseris,alpha,vulpeculae,proper,name,designation,maasym,lambda,herculis,mahasim,theta,aurigae,maia,20,tauri,marfark,theta,cassiopeiae,marfik,lambda,ophiuchi,markab,alpha,pegasi,hr,2948,matar,eta,pegasi,mebsuta,epsilon,geminorum,media,delta,sagittarii,megrez,delta,ursae,majoris,meissa,lambda,orionis,mekbuda,zeta,geminorum,menchib,xi,persei,menkab,alpha,ceti,menkalinan,beta,aurigae,menkar,alpha,ceti,menkent,theta,centauri,menkib,zeta,persei,merak,beta,ursae,majoris,merga,38,merope,23,tauri,mesarthim,gamma,arietis,miaplacidus,beta,carinae,mimosa,beta,becrux,minchir,sigma,hydrae,minelava,delta,virginis,minkar,epsilon,corvi,mintaka,delta,orionis,mira,omicron,ceti,mirach,beta,andromedae,miram,eta,persei,mirfak,alpha,persei,mirzam,beta,canis,majoris,misam,kappa,persei,mizar,zeta,ursae,majoris,mothallah,alpha,trianguli,muliphein,gamma,gamma,canis,majoris,muphrid,eta,bootis,murzim,beta,canis,majoris,muscida,omicron,ursae,muscida,ursae,muscida,ursae,majoris,proper,name,designation,nair,saif,iota,orionis,naos,zeta,puppis,nash,gamma,sagittarii,nashira,gamma,capricorni,navi,epsilon,cassiopeiae,nekkar,beta,neshmet,leporis,nihal,beta,leporis,nunki,sigma,sagittarii,nusakan,beta,coronae,borealis,proper,name,designation,okul,pi,capricorni,p,proper,name,designation,peacock,alpha,pavonis,phact,alpha,columbae,phad,gamma,ursae,majoris,pherkad,gamma,ursae,minoris,pherkard,delta,ursae,minoris,pleione,28,tauri,see,pleiades,polaris,alpha,ursae,minoris,polaris,australis,sigma,octantis,pollux,beta,geminorum,porrima,gamma,virginis,praecipua,46,leonis,minoris,procyon,alpha,canis,minoris,propus,eta,geminorum,proxima,centauri,alpha,centauri,pulcherrima,epsilon,r,proper,name,designation,rana,delta,eridani,ras,algethi,alpha,herculis,ras,alhague,alpha,ophiuchi,ras,elased,australis,epsilon,leonis,rasalas,leonis,rastaban,beta,draconis,ras,thaoum,alpha,geminorum,regor,gamma,velorum,regulus,alpha,leonis,rigel,beta,orionis,rigil,kentaurus,alpha,centauri,rijl,awwa,virginis,rotanev,beta,delphini,ruchba,cygni,ruchbah,delta,cassiopeiae,rukbat,alpha,sagittarii,rukh,delta,cygni,proper,name,designation,sabik,eta,ophiuchi,sadachbia,gamma,aquarii,sadalbari,pegasi,sadalmelik,alpha,aquarii,sadalsuud,beta,aquarii,sadatoni,zeta,aurigae,sadira,epsilon,eridani,sadr,gamma,cygni,saiph,kappa,orionis,salm,tau,pegasi,sargas,theta,scorpii,sarin,delta,herculis,sarir,theta,ursae,majoris,sasin,epsilon,leporis,sceptrum,53,eridani,scheat,beta,pegasi,scheddi,delta,capricorni,schedir,schedar,alpha,cassiopeiae,segin,epsilon,cassiopeiae,seginus,gamma,bootis,sham,alpha,sagittae,shaula,lambda,scorpii,sheliak,beta,lyrae,sheratan,beta,arietis,shurnarkabtishashutu,zeta,tauri,sinistra,ophiuchi,sirius,alpha,canis,majoris,situla,kappa,aquarii,skat,delta,aquarii,spica,alpha,virginis,sterope,ii,22,tauri,sualocin,alpha,delphini,subra,omicron,leonis,suhail,lambda,velorum,sulafat,gamma,lyrae,sun,sometimes,known,sol,syrma,iota,virginis,proper,name,designation,tabit,orionis,talitha,australis,kappa,ursae,majoris,talitha,borealis,iota,ursae,majoris,tania,australis,ursae,majoris,tania,borealis,lambda,ursae,majoris,tarazet,tarazed,gamma,aquilae,taygeta,19,tauri,tegmen,tegmine,zeta,cancri,terebellum,omega,sagittarii,tejat,posterior,geminorum,tejat,prior,eta,geminorum,thabit,upsilon,orionis,theemin,eridani,thuban,alpha,draconis,tien,kuan,zeta,tauri,toliman,alpha,centauri,torcularis,septentrionalis,omicron,piscium,tseen,kee,phi,velorum,tureis,pi,puppis,tyl,epsilon,draconis,proper,name,designation,unuk,unukalhai,alpha,serpentis,ushakaron,xi,tauri,v,proper,name,designation,vega,alpha,lyrae,vindemiatrix,epsilon,virginis,w,proper,name,designation,wasat,delta,geminorum,wazn,beta,columbae,wei,epsilon,scorpii,delta,canis,majoris,proper,name,designation,yed,prior,delta,ophiuchi,yed,posterior,epsilon,ophiuchi,yildun,delta,ursae,minoris,z,proper,name,designation,zaniah,eta,virginis,zaurak,gamma,eridani,zavijava,beta,virginis,zosma,delta,leonis,gamma,librae,delta,librae,zubenelgenubi,alpha,librae,zubeneschamali,beta,librae,contents,b,f,g,h,k,p,q,r,v,w,x,z,see,traditional,star,names,list,stars,traditional,chinese,star,names,list,arabic,star,names,richard,hinckley,external,links,jim,star,page,frosty,drew,star,names,steven,star,names,popular,star,names,star,names,cdsarc,cat,fk5,sao,hd,common,name,cross,index,retrieved,lists,stars,views,article,discussion,edit,page,history,personal,tools,log,create,account,navigation,main,page,contents,featured,content,current,events,random,article,search,interaction,wikipedia,community,portal,recent,changes,contact,wikipedia,donate,wikipedia,help,toolbox,links,related,changes,upload,file,special,pages,printable,version,permanent,linkcite,page,languages,simple,english,page,last,modified,10,april,text,available,terms,gnu,free,documentation,copyrights,registered,trademark,wikimedia,registered,nonprofit,privacy,policy,wikipedia,disclaimers,