jared,diamond,free,encyclopedia,skin,stylepath,wgarticlepath,wgscriptpath,wgscript,wgvariantarticlepath,wgactionpaths,wgserver,wgcanonicalnamespace,wgcanonicalspecialpagename,wgnamespacenumber,wgpagename,wgtitle,wgaction,wgarticleid,wgisarticle,wgusername,wgusergroups,wguserlanguage,wgcontentlanguage,wgbreakframes,wgcurrevisionid,wgversion,wgenableapi,wgenablewriteapi,wgseparatortransformtable,wgdigittransformtable,wgmwsuggesttemplate,wgdbname,wgsearchnamespaces,wgmwsuggestmessages,wgrestrictionedit,wgrestrictionmove,wikibits,js,site,js,jared,diamond,free,encyclopedia,jump,search,jared,diamond,born,10,september,1937,boston,occupation,professor,geography,nonfiction,writer,nationality,american,writing,period,subjects,evolutionary,biology,environmentalism,geography,anthropology,ornithology,linguistics,jared,mason,diamond,10,september,american,evolutionary,nonfiction,diamond,works,professor,geography,physiology,best,known,pulitzer,book,steel,phi,beta,kappa,award,well,societies,choose,fail,succeed,received,national,medal,science,contents,1,biography,2,works,books,selected,articles,television,3,boards,4,awards,honors,5,family,6,references,7,see,8,external,links,interviews,tocshowtext,tochidetext,biography,diamond,born,boston,physician,father,attending,roxbury,latin,earned,degree,harvard,college,1958,physiology,membrane,biophysics,cambridge,university,returned,harvard,junior,became,professor,physiology,ucla,medical,school,developed,career,ecology,evolution,new,guinea,since,led,numerous,trips,explore,new,guinea,nearby,diamond,gradually,developed,third,career,environmental,becoming,professor,geography,environmental,health,sciences,current,diamond,speaks,dozen,listed,order,fore,new,guinea,new,works,diamond,author,number,popular,science,works,combine,work,pulitzer,steel,asserts,main,international,issues,time,legacies,processes,began,civilizations,experienced,extensive,amount,began,intrude,upon,technologically,less,advanced,civilizations,around,quest,explain,eurasian,survived,conquered,refuting,belief,eurasian,hegemony,due,form,eurasian,moral,diamond,argues,gaps,power,technology,human,societies,reflect,cultural,racial,rather,originate,environmental,differences,powerfully,amplified,various,positive,feedback,fills,book,examples,throughout,identifies,main,processes,factors,civilizational,development,present,origin,human,beings,africa,proliferation,agriculture,following,societies,choose,fail,succeed,diamond,examines,range,past,civilizations,attempting,identify,collapsed,ruins,survived,massively,reduced,considers,contemporary,societies,learn,societal,argues,ethnocentric,explanations,collapses,focuses,instead,ecological,pays,particular,attention,norse,settlements,vanished,climate,got,surrounding,inuit,culture,chapters,collapse,easter,island,among,cites,five,factors,often,contribute,shows,one,factor,common,mismanagement,natural,follows,chapters,prospering,civilizations,managed,resources,tikopia,island,japan,tokugawa,diamond,distances,charges,environmental,leveled,steel,particularly,evident,chapter,comparing,haiti,dominican,two,nations,share,island,similar,pursued,notably,different,primarily,strength,differing,books,rely,fields,diverse,molecular,well,knowledge,typewriter,design,feudal,broad,expertise,large,number,articles,credited,mark,ridley,suggested,jokingly,jared,diamond,single,instead,really,books,1972,avifauna,eastern,highlands,new,publications,nuttall,ornithological,1975,cody,ecology,evolution,belknap,harvard,university,1979,diamond,birds,karkar,bagabag,new,1984,avifaunas,rennell,bellona,natural,history,rennell,british,solomon,islands,1986,diamond,community,harper,new,york,1986,birds,new,princeton,university,1992,third,evolution,future,human,isbn,1997,sex,evolution,human,isbn,1997,fates,human,norton,isbn,2001,birds,northern,biogeography,ernst,isbn,2003,steel,isbn,2005,societies,choose,fail,new,viking,isbn,2006,third,evolution,future,human,new,isbn,selected,articles,island,biogeography,design,natural,reserves,robert,theoretical,principles,blackwell,scientific,ethnic,variation,human,testis,nature,worst,mistake,history,human,race,discover,curse,blessing,ghetto,race,without,color,discover,curse,qwerty,discover,japanese,roots,discover,consumption,new,york,times,television,three,three,hour,2005,pbs,documentary,called,germs,steel,based,1997,book,name,originally,aired,july,boards,editorial,skeptic,publication,skeptics,society,american,philosophical,society,american,academy,arts,sciences,national,academy,sciences,us,regional,director,world,wide,fund,nature,wildlife,awards,honors,prize,fellowship,trinity,england,lederle,medical,faculty,award,1972,distinguished,teaching,ucla,medical,class,1973,distinguished,teaching,ucla,medical,class,1975,distinguished,achievement,american,gastroenterological,association,1976,kaiser,apple,teaching,award,1976,nathaniel,bowditch,american,physiological,society,1978,american,ornithologists,elected,fellow,1979,franklin,burr,national,geographic,society,1985,macarthur,foundation,grant,1989,archie,carr,medal,1990,macarthur,foundation,fellow,1992,tanner,university,utah,many,endowed,lectureships,1992,royal,society,prizes,science,books,1992,angeles,times,science,book,prize,1993,zoological,society,san,diego,conservation,medal,1994,skeptics,randi,award,1995,honorary,doctor,sejong,korea,1996,faculty,research,ucla,1997,phi,beta,kappa,science,book,prize,1998,pulitzer,prize,1998,elliott,coues,american,union,1998,california,book,gold,medal,nonfiction,1998,royal,society,prizes,science,books,1999,lannan,literary,award,nonfiction,2001,tyler,prize,environmental,achievement,2002,lewis,thomas,prize,writing,science,2006,dickson,prize,science,2008,honoris,causa,katholieke,universiteit,belgium,family,marie,marie,nabel,granddaughter,edward,polish,minister,saint,raphael,diamond,twin,josh,max,attend,duke,northwestern,university,sons,attended,angeles,public,references,richmond,forum,rivers,2006,expos,cosmos,see,assembly,rules,external,links,wikimedia,commons,media,related,jared,diamond,wikiquote,collection,quotations,related,jared,diamond,page,ucla,department,geography,page,ucla,school,medicine,worst,mistake,history,human,discover,may,diamond,biography,edge,jared,diamond,video,presentation,collapse,video,talk,given,earth,institute,columbia,university,april,2007,jared,molecular,ucla,spotlight,ted,jared,diamond,societies,collapse,ted,2003,annotated,bibliography,sources,concerning,environmental,problems,identified,diamond,collapse,interviews,jared,diamond,charlie,24,2005,national,medal,science,laureates,behavioral,social,science,1960s,roger,adams,othmar,ammann,theodosius,dobzhansky,neal,elgar,miller,1980s,herbert,simon,anne,anastasi,george,stigler,milton,friedman,1990s,leonid,hurwicz,patrick,suppes,robert,kates,george,miller,eleanor,gibson,robert,merton,roger,shepard,paul,samuelson,william,william,julius,wilson,robert,solow,2000s,gary,becker,george,bass,duncan,luce,kenneth,arrow,gordon,bower,biological,sciences,1960s,niel,marshall,nirenberg,francis,rous,george,simpson,donald,slyke,edward,knipling,fritz,albert,lipmann,william,rose,sewall,wright,kenneth,cole,harry,harlow,michael,heidelberger,alfred,sturtevant,horace,barker,bernard,brodie,detlev,bronk,jay,lush,burrhus,frederic,skinner,robert,huebner,ernst,mayr,1970s,barbara,mcclintock,albert,sabin,daniel,arnon,earl,britton,chance,erwin,chargaff,james,neel,james,augustine,hannon,hallowell,davis,paul,gyorgy,sterling,brown,hendricks,orville,lvin,vogel,roger,guillemin,keith,roberts,porter,efraim,racker,wilson,robert,burris,elizabeth,crosby,arthur,kornberg,severo,ochoa,earl,reece,stadtman,george,ledyard,stebbins,paul,alfred,weiss,1980s,philip,handler,seymour,benzer,glenn,burton,mildred,cohn,howard,bachrach,paul,berg,wendell,roelofs,berta,scharrer,stanley,cohen,donald,henderson,vernon,mountcastle,george,emil,palade,joan,steitz,michael,debakey,theodor,diener,harry,eagle,gobind,khorana,rita,michael,brown,stanley,cohen,joseph,goldstein,maurice,hilleman,eric,kandel,rosalyn,yalow,katherine,esau,viktor,hamburger,philip,leder,joshua,lederberg,roger,sperry,harland,wood,1990s,baruj,benacerraf,herbert,boyer,daniel,edward,lewis,david,nathan,donnall,thomas,mary,avery,evelyn,hutchinson,elvin,kabat,salvador,luria,paul,marks,folke,k,skoog,paul,zamecnik,maxine,singer,howard,temin,daniel,nathans,salome,waelsch,thomas,eisner,elizabeth,neufeld,alexander,rich,ruth,patrick,james,watson,robert,weinberg,bruce,ames,janet,rowley,david,baltimore,jared,diamond,lynn,margulis,2000s,nancy,andreasen,peter,raven,carl,woese,francisco,ayala,mario,capecchi,ann,graybiel,gene,likens,victor,mckusick,harold,varmus,james,darnell,evelyn,witkin,michael,bishop,solomon,snyder,charles,yanofsky,norman,borlaug,phillip,sharp,thomas,starzl,anthony,fauci,torsten,wiesel,rita,colwell,nina,fedoroff,lubert,stryer,chemistry,1980s,albert,cotton,gilbert,stork,roald,hoffmann,george,pimentel,richard,zare,harry,gray,yuan,tseh,lee,carl,marvel,frank,westheimer,william,johnson,walter,stockmayer,max,tishler,william,baker,konrad,bloch,elias,corey,richard,bernstein,melvin,calvin,rudoph,marcus,harden,mcconnell,1990s,elkan,blout,karl,folkers,john,roberts,ronald,breslow,gertrude,elion,dudley,herschbach,glenn,seaborg,howard,donald,cram,norman,hackerman,george,hammond,thomas,cech,isabella,karle,norman,davidson,darleane,hoffman,harold,johnston,john,cahn,george,whitesides,stuart,rice,john,ross,susan,solomon,2000s,john,baldeschwieler,ralph,hirschmann,ernest,davidson,gabor,somorjai,john,brauman,stephen,lippard,marvin,caruthers,peter,dervan,robert,langer,engineering,sciences,1960s,theodore,karman,vannevar,bush,john,robinson,pierce,charles,draper,hugh,dryden,clarence,johnson,warren,lewis,claude,shannon,edwin,land,igor,sikorsky,presper,eckert,nathan,newmark,jack,clair,kilby,1970s,george,mueller,harold,edgerton,richard,whitcomb,rudolf,kompfner,ralph,brazelton,peck,abel,wolman,manson,benedict,william,hayward,pickering,frederick,terman,wernher,braun,morris,cohen,peter,goldmark,erwin,wilhelm,emmett,leith,raymond,mindlin,robert,noyce,earl,parker,simon,ramo,1980s,edward,heinemann,donald,katz,william,hewlett,george,low,john,trump,wolfgang,liepmann,lin,bernard,oliver,robert,bird,bolton,seed,ernst,weber,daniel,drucker,willis,hawkins,george,housner,harry,george,drickamer,herbert,grier,1990s,mildred,dresselhaus,nick,holonyak,george,heilmeier,luna,leopold,guyford,stever,calvin,quate,john,roy,whinnery,alfred,cho,ray,clough,hermann,haus,james,flanagan,kumar,patel,eli,ruckenstein,kenneth,stevens,2000s,fung,andreas,acrivos,leo,beranek,john,prausnitz,edwin,lightfoot,jan,achenbach,tobin,marks,computer,sciences,1960s,norbert,wiener,solomon,lefschetz,marston,morse,oscar,zariski,john,milnor,paul,cohen,jerzy,neyman,william,feller,1970s,richard,brauer,john,tukey,kurt,john,backus,chern,george,dantzig,kurt,otto,friedrichs,hassler,whitney,joseph,doob,donald,knuth,1980s,marshall,harvey,stone,herman,goldstine,isadore,singer,peter,lax,antoni,zygmund,raoul,bott,michael,freedman,ralph,gomory,joseph,keller,samuel,karlin,saunders,maclane,donald,spencer,1990s,george,carrier,stephen,cole,kleene,john,mccarthy,alberto,newell,martin,kruskal,john,cocke,louis,nirenberg,richard,karp,stephen,smale,yau,cathleen,synge,morawetz,felix,browder,ronald,coifman,2000s,john,griggs,thompson,karen,uhlenbeck,calyampudi,rao,elias,stein,james,glimm,carl,boor,dennis,sullivan,bradley,efron,hyman,bass,physical,sciences,1960s,luis,alvarez,julian,schwinger,harold,clayton,urey,robert,burns,woodward,john,bardeen,peter,debye,leon,lederman,william,rubey,jacob,bjerknes,subrahmanyan,chandrasekhar,henry,eyring,john,vleck,vladimir,zworykin,jesse,beams,francis,birch,gregory,breit,louis,hammett,george,kistiakowsky,paul,bartlett,herbert,friedman,lars,onsager,eugene,wigner,herbert,brown,wolfgang,panofsky,1970s,robert,dicke,allan,sandage,john,slater,john,wheeler,saul,winstein,carl,djerassi,maurice,ewing,arie,jan,vladimir,haensel,frederick,seitz,robert,rathbun,wilson,nicolaas,bloembergen,paul,flory,william,alfred,fowler,linus,carl,pauling,kenneth,sanborn,pitzer,bethe,joseph,hirschfelder,lewis,sarett,bright,wilson,wu,samuel,goudsmit,herbert,gutowsky,frederick,rossini,verner,suomi,henry,taube,george,uhlenbeck,richard,feynman,herman,mark,edward,purcell,john,sinfelt,lyman,spitzer,victor,weisskopf,1980s,philip,anderson,yoichiro,nambu,edward,teller,charles,townes,margaret,burbidge,maurice,goldhaber,helmut,landsberg,walter,munk,frederick,reines,bruno,rossi,robert,schrieffer,solomon,buchsbaum,horace,crane,herman,feshbach,robert,hofstadter,chen,ning,yang,philip,abelson,walter,elsasser,paul,lauterbur,george,pake,james,allan,bromley,paul,chu,walter,kohn,norman,ramsey,jack,steinberger,arnold,beckman,eugene,parker,robert,sharp,henry,stommel,1990s,allan,cormack,edwin,mcmillan,robert,pound,roger,revelle,arthur,schawlow,stone,steven,weinberg,eugene,shoemaker,val,fitch,vera,rubin,albert,overhauser,frank,press,dehmelt,peter,goldreich,wallace,broecker,marshall,rosenbluth,martin,schwarzschild,george,wetherill,anderson,john,bahcall,james,cronin,leo,kadanoff,2000s,willis,lamb,jeremiah,ostriker,gilbert,white,marvin,cohen,raymond,davis,charles,keeling,richard,garwin,jason,morgan,edward,witten,brent,dalrymple,riccardo,giacconi,robert,clayton,ralph,alpher,lonnie,thompson,daniel,kleppner,persondata,name,jared,mason,alternative,names,short,description,american,nonfiction,writer,date,birth,10,september,1937,place,birth,boston,date,death,place,death,retrieved,1937,births,members,national,academy,sciences,living,people,american,biologists,american,geographers,american,science,writers,writers,california,jewish,american,writers,jews,jewish,american,scientists,jewish,american,social,scientists,theorists,western,civilization,harvard,university,alumni,macarthur,fellows,national,medal,science,laureates,people,massachusetts,pulitzer,prize,general,winners,race,intelligence,controversy,university,angeles,faculty,evolutionary,biologists,human,evolution,theoristshidden,articles,unsourced,statements,articles,unsourced,statements,since,march,2009,views,article,discussion,edit,page,history,personal,tools,log,create,account,navigation,main,page,contents,featured,content,current,events,random,article,search,interaction,wikipedia,community,portal,recent,changes,contact,wikipedia,donate,wikipedia,help,toolbox,links,related,changes,upload,file,special,pages,printable,version,permanent,linkcite,page,languages,brezhoneg,dansk,deutsch,euskara,hrvatski,italiano,magyar,nederlands,polski,simple,english,suomi,svenska,page,last,modified,2,april,text,available,terms,gnu,free,documentation,copyrights,registered,trademark,wikimedia,registered,nonprofit,privacy,policy,wikipedia,disclaimers,